session_id,unit_id,response,defect_occurred_at,defect_caught_at,risk_score,model_confidence,input_trust,effective_trust,action,latest_t,risk_threshold,trust_threshold
0,1,0,,,0.0312,0.991,0.885,0.877,PASS,573.02,0.6052515672936158,0.5
0,2,0,,,0.0612,0.934,0.893,0.834,PASS,644.53,0.6052515672936158,0.5
0,3,0,,,0.0957,0.814,0.904,0.736,PASS,712.4,0.6052515672936158,0.5
0,4,0,,,0.1964,0.429,0.914,0.392,MONITOR,781.29,0.6052515672936158,0.5
0,5,0,,,0.1551,0.573,0.922,0.529,PASS,864.69,0.6052515672936158,0.5
0,6,0,,,0.1388,0.635,0.924,0.587,PASS,955.09,0.6052515672936158,0.5
0,7,0,,,0.2138,0.374,0.924,0.346,MONITOR,1058.27,0.6052515672936158,0.5
0,8,0,,,0.209,0.388,0.924,0.358,MONITOR,1113.61,0.6052515672936158,0.5
0,9,0,,,0.1457,0.61,0.924,0.564,PASS,1169.46,0.6052515672936158,0.5
0,10,0,,,0.1716,0.512,0.924,0.473,MONITOR,1255.47,0.6052515672936158,0.5
0,11,0,,,0.0632,0.927,0.924,0.856,PASS,1339.4,0.6052515672936158,0.5
0,12,0,,,0.4059,0.073,0.924,0.067,MONITOR,1427.4,0.6052515672936158,0.5
0,13,0,,,0.0541,0.95,0.924,0.878,PASS,1489.08,0.6052515672936158,0.5
0,14,0,,,0.1966,0.428,0.924,0.395,MONITOR,1579.19,0.6052515672936158,0.5
0,15,0,,,0.2547,0.271,0.924,0.25,MONITOR,1635.66,0.6052515672936158,0.5
0,16,0,,,0.244,0.294,0.924,0.272,MONITOR,1692.05,0.6052515672936158,0.5
0,17,0,,,0.1499,0.593,0.926,0.549,PASS,1733.84,0.6052515672936158,0.5
0,18,0,,,0.0781,0.877,0.926,0.812,PASS,1827.34,0.6052515672936158,0.5
0,19,0,,,0.231,0.326,0.926,0.302,MONITOR,1922.7,0.6052515672936158,0.5
0,20,0,,,0.1901,0.449,0.925,0.416,MONITOR,1967.96,0.6052515672936158,0.5
0,21,0,,,0.0462,0.966,0.925,0.894,PASS,2057.76,0.6052515672936158,0.5
0,22,0,,,0.1504,0.591,0.925,0.547,PASS,2124.96,0.6052515672936158,0.5
0,23,0,,,0.1341,0.653,0.924,0.604,PASS,2215.3,0.6052515672936158,0.5
0,24,0,,,0.0578,0.943,0.924,0.872,PASS,2297.47,0.6052515672936158,0.5
0,25,0,,,0.1302,0.669,0.924,0.618,PASS,2369.94,0.6052515672936158,0.5
0,26,0,,,0.1592,0.558,0.924,0.515,PASS,2451.95,0.6052515672936158,0.5
0,27,0,,,0.2141,0.373,0.923,0.344,MONITOR,2517.25,0.6052515672936158,0.5
0,28,0,,,0.2012,0.413,0.923,0.381,MONITOR,2589.48,0.6052515672936158,0.5
0,29,0,,,0.1346,0.651,0.923,0.601,PASS,2647.7,0.6052515672936158,0.5
0,30,0,,,0.2175,0.365,0.923,0.337,MONITOR,2740.2,0.6052515672936158,0.5
0,31,0,,,0.0709,0.904,0.923,0.834,PASS,2810.05,0.6052515672936158,0.5
0,32,0,,,0.1882,0.456,0.923,0.421,MONITOR,2869.95,0.6052515672936158,0.5
0,33,0,,,0.169,0.522,0.922,0.481,MONITOR,2922.22,0.6052515672936158,0.5
0,34,0,,,0.3693,0.102,0.922,0.094,MONITOR,2976.33,0.6052515672936158,0.5
0,35,0,,,0.1236,0.696,0.922,0.642,PASS,3028.35,0.6052515672936158,0.5
0,36,0,,,0.1486,0.598,0.922,0.551,PASS,3106.76,0.6052515672936158,0.5
0,37,0,,,0.1186,0.72,0.922,0.664,PASS,3199.24,0.6052515672936158,0.5
0,38,0,,,0.0944,0.818,0.922,0.754,PASS,3257.42,0.6052515672936158,0.5
0,39,0,,,0.1046,0.775,0.922,0.714,PASS,3329.13,0.6052515672936158,0.5
0,40,0,,,0.0967,0.81,0.922,0.747,PASS,3392.37,0.6052515672936158,0.5
0,41,0,,,0.1799,0.483,0.922,0.445,MONITOR,3485.09,0.6052515672936158,0.5
0,42,0,,,0.3797,0.092,0.922,0.085,MONITOR,3586.73,0.6052515672936158,0.5
0,43,0,,,0.1727,0.508,0.922,0.468,MONITOR,3638.27,0.6052515672936158,0.5
0,44,0,,,0.2486,0.283,0.921,0.261,MONITOR,3691.76,0.6052515672936158,0.5
0,45,0,,,0.1494,0.595,0.921,0.548,PASS,3816.37,0.6052515672936158,0.5
0,46,0,,,0.0968,0.809,0.921,0.745,PASS,3864.85,0.6052515672936158,0.5
0,47,0,,,0.1575,0.563,0.921,0.519,PASS,3918.07,0.6052515672936158,0.5
0,48,0,,,0.3091,0.17,0.921,0.157,MONITOR,3963.82,0.6052515672936158,0.5
0,49,1,3.0,4.0,0.1445,0.615,0.921,0.567,PASS,4038.99,0.6052515672936158,0.5
0,50,0,,,0.2131,0.376,0.921,0.346,MONITOR,4089.82,0.6052515672936158,0.5
0,51,0,,,0.1655,0.535,0.921,0.493,MONITOR,4154.67,0.6052515672936158,0.5
0,52,0,,,0.1098,0.754,0.921,0.695,PASS,4247.95,0.6052515672936158,0.5
0,53,0,,,0.2364,0.312,0.921,0.287,MONITOR,4299.87,0.6052515672936158,0.5
0,54,0,,,0.2474,0.286,0.921,0.263,MONITOR,4379.1,0.6052515672936158,0.5
0,55,0,,,0.1137,0.739,0.921,0.681,PASS,4451.35,0.6052515672936158,0.5
0,56,0,,,0.1468,0.604,0.921,0.556,PASS,4509.87,0.6052515672936158,0.5
0,57,0,,,0.1588,0.56,0.921,0.516,PASS,4570.11,0.6052515672936158,0.5
0,58,0,,,0.0638,0.926,0.921,0.853,PASS,4679.73,0.6052515672936158,0.5
0,59,0,,,0.0908,0.831,0.921,0.765,PASS,4735.39,0.6052515672936158,0.5
0,60,0,,,0.2096,0.386,0.921,0.355,MONITOR,4819.95,0.6052515672936158,0.5
0,61,0,,,0.242,0.298,0.921,0.274,MONITOR,4886.08,0.6052515672936158,0.5
0,62,0,,,0.1795,0.483,0.921,0.445,MONITOR,4960.85,0.6052515672936158,0.5
0,63,0,,,0.3349,0.136,0.921,0.125,MONITOR,5035.79,0.6052515672936158,0.5
0,64,0,,,0.2511,0.278,0.921,0.256,MONITOR,5120.07,0.6052515672936158,0.5
0,65,0,,,0.1165,0.729,0.921,0.671,PASS,5216.45,0.6052515672936158,0.5
0,66,0,,,0.172,0.51,0.921,0.47,MONITOR,5289.05,0.6052515672936158,0.5
0,67,0,,,0.2879,0.204,0.921,0.188,MONITOR,5368.28,0.6052515672936158,0.5
0,68,0,,,0.4165,0.068,0.921,0.063,MONITOR,5426.72,0.6052515672936158,0.5
0,69,0,,,0.1852,0.465,0.921,0.428,MONITOR,5483.78,0.6052515672936158,0.5
0,70,0,,,0.1545,0.575,0.921,0.529,PASS,5577.37,0.6052515672936158,0.5
0,71,0,,,0.1871,0.459,0.921,0.423,MONITOR,5638.24,0.6052515672936158,0.5
0,72,0,,,0.1369,0.643,0.921,0.592,PASS,5723.8,0.6052515672936158,0.5
0,73,0,,,0.1821,0.476,0.921,0.438,MONITOR,5794.06,0.6052515672936158,0.5
0,74,0,,,0.3749,0.097,0.921,0.089,MONITOR,5878.39,0.6052515672936158,0.5
0,75,0,,,0.1393,0.633,0.921,0.583,PASS,5935.69,0.6052515672936158,0.5
0,76,0,,,0.2707,0.238,0.921,0.219,MONITOR,5999.57,0.6052515672936158,0.5
0,77,0,,,0.0829,0.86,0.921,0.792,PASS,6080.42,0.6052515672936158,0.5
0,78,0,,,0.0672,0.915,0.921,0.842,PASS,6123.37,0.6052515672936158,0.5
0,79,0,,,0.1654,0.535,0.921,0.493,MONITOR,6244.27,0.6052515672936158,0.5
0,80,0,,,0.1622,0.547,0.921,0.504,PASS,6302.82,0.6052515672936158,0.5
0,81,0,,,0.4455,0.052,0.921,0.048,MONITOR,6398.75,0.6052515672936158,0.5
0,82,0,,,0.1486,0.598,0.921,0.551,PASS,6451.06,0.6052515672936158,0.5
0,83,0,,,0.1651,0.537,0.921,0.494,MONITOR,6545.97,0.6052515672936158,0.5
0,84,0,,,0.2483,0.284,0.921,0.261,MONITOR,6607.17,0.6052515672936158,0.5
0,85,0,,,0.0406,0.977,0.921,0.899,PASS,6669.73,0.6052515672936158,0.5
0,86,0,,,0.283,0.213,0.921,0.196,MONITOR,6721.51,0.6052515672936158,0.5
0,87,0,,,0.2515,0.277,0.921,0.255,MONITOR,6758.92,0.6052515672936158,0.5
0,88,0,,,0.2388,0.306,0.921,0.282,MONITOR,6838.03,0.6052515672936158,0.5
0,89,0,,,0.1498,0.593,0.921,0.546,PASS,6898.61,0.6052515672936158,0.5
0,90,0,,,0.2518,0.276,0.921,0.254,MONITOR,6968.47,0.6052515672936158,0.5
0,91,0,,,0.0859,0.85,0.921,0.782,PASS,7041.64,0.6052515672936158,0.5
0,92,0,,,0.2965,0.189,0.921,0.174,MONITOR,7097.46,0.6052515672936158,0.5
0,93,0,,,0.1346,0.651,0.921,0.599,PASS,7151.92,0.6052515672936158,0.5
0,94,0,,,0.126,0.686,0.92,0.631,PASS,7237.42,0.6052515672936158,0.5
0,95,0,,,0.2431,0.296,0.92,0.272,MONITOR,7312.44,0.6052515672936158,0.5
0,96,0,,,0.1652,0.537,0.92,0.494,MONITOR,7407.41,0.6052515672936158,0.5
0,97,0,,,0.1002,0.795,0.92,0.732,PASS,7462.39,0.6052515672936158,0.5
0,98,0,,,0.1367,0.643,0.92,0.592,PASS,7556.94,0.6052515672936158,0.5
0,99,0,,,0.1999,0.417,0.92,0.384,MONITOR,7683.03,0.6052515672936158,0.5
0,100,0,,,0.1506,0.591,0.92,0.544,PASS,7733.35,0.6052515672936158,0.5
0,101,0,,,0.0894,0.837,0.92,0.77,PASS,7781.13,0.6052515672936158,0.5
0,102,0,,,0.1549,0.573,0.92,0.527,PASS,7870.38,0.6052515672936158,0.5
0,103,0,,,0.1631,0.544,0.92,0.501,PASS,7937.95,0.6052515672936158,0.5
