session_id,t,station,state,buffer_in,buffer_out,t_global
0,201.22,3,STARVED,0,0,201.22
0,201.22,4,WORKING,0,0,201.22
0,220.01,0,WORKING,3,1,220.01
0,229.17,2,STARVED,0,0,229.17
0,229.17,3,WORKING,0,0,229.17
0,243.02,2,WORKING,0,0,243.02
0,243.02,1,WORKING,0,0,243.02
0,267.87,4,STARVED,0,0,267.87
0,267.87,5,WORKING,0,0,267.87
0,275.05,3,STARVED,0,0,275.05
0,275.05,4,WORKING,0,0,275.05
0,280.75,0,WORKING,3,1,280.75
0,287.23,2,STARVED,0,0,287.23
0,287.23,3,WORKING,0,0,287.23
0,295.15,2,WORKING,0,0,295.15
0,295.15,1,WORKING,0,0,295.15
0,321.52,5,STARVED,0,0,321.52
0,321.52,6,WORKING,0,0,321.52
0,326.81,4,STARVED,0,0,326.81
0,326.81,5,WORKING,0,0,326.81
0,329.23,3,STARVED,0,0,329.23
0,329.23,4,WORKING,0,0,329.23
0,330.73,0,WORKING,3,1,330.73
0,341.7,2,STARVED,0,0,341.7
0,341.7,3,WORKING,0,0,341.7
0,342.11,2,WORKING,0,0,342.11
0,342.11,1,WORKING,0,0,342.11
0,378.15,2,STARVED,0,1,378.15
0,378.86,5,STARVED,0,1,378.86
0,382.78,0,WORKING,3,1,382.78
0,384.12,4,STARVED,0,0,384.12
0,384.12,5,WORKING,0,1,384.12
0,384.56,2,WORKING,0,1,384.56
0,384.56,1,WORKING,0,0,384.56
0,387.44,4,WORKING,0,0,387.44
0,387.44,3,WORKING,0,0,387.44
0,392.33,7,WORKING,0,0,392.33
0,392.33,6,WORKING,0,0,392.33
0,430.62,1,STARVED,0,1,430.62
0,431.27,3,STARVED,0,1,431.27
0,432.76,1,WORKING,0,1,432.76
0,432.76,0,WORKING,3,0,432.76
0,435.15,3,WORKING,0,1,435.15
0,435.15,2,WORKING,0,0,435.15
0,437.16,5,STARVED,0,1,437.16
0,438.53,5,WORKING,0,1,438.53
0,438.53,4,WORKING,0,0,438.53
0,446.15,7,STARVED,0,0,446.15
0,446.15,8,WORKING,0,0,446.15
0,450.96,7,WORKING,0,0,450.96
0,450.96,6,WORKING,0,0,450.96
0,474.03,3,STARVED,0,1,474.03
0,478.13,0,WORKING,3,1,478.13
0,484.34,4,WORKING,0,1,484.34
0,487.14,8,STARVED,0,0,487.14
0,487.14,9,WORKING,0,0,487.14
0,488.68,1,WORKING,0,1,488.68
0,493.47,3,WORKING,0,0,493.47
0,493.47,2,WORKING,0,0,493.47
0,500.43,5,WORKING,0,1,500.43
0,505.48,7,STARVED,0,0,505.48
0,505.48,8,WORKING,0,0,505.48
0,520.81,7,WORKING,0,0,520.81
0,520.81,6,WORKING,0,0,520.81
0,525.04,9,STARVED,0,0,525.04
0,525.04,10,WORKING,0,0,525.04
0,537.37,3,STARVED,0,1,537.37
0,538.07,0,WORKING,3,1,538.07
0,540.97,5,STARVED,0,1,540.97
0,541.59,5,WORKING,0,1,541.59
0,541.59,4,WORKING,0,0,541.59
0,545.15,8,STARVED,0,0,545.15
0,545.15,9,WORKING,0,0,545.15
0,549.53,2,STARVED,0,0,549.53
0,549.53,3,WORKING,0,0,549.53
0,550.58,2,WORKING,0,0,550.58
0,550.58,1,WORKING,0,0,550.58
0,561.54,7,STARVED,0,0,561.54
0,561.54,8,WORKING,0,0,561.54
0,573.02,10,STARVED,0,0,573.02
0,573.02,11,WORKING,0,0,573.02
0,587.18,5,STARVED,0,2,587.18
0,588.19,0,WORKING,3,1,588.19
0,590.64,3,STARVED,0,1,590.64
0,593.49,5,WORKING,0,2,593.49
0,593.49,4,WORKING,0,0,593.49
0,593.6,7,WORKING,0,0,593.6
0,593.6,6,WORKING,1,0,593.6
0,594.01,9,STARVED,0,0,594.01
0,594.01,10,WORKING,0,0,594.01
0,596.21,2,STARVED,0,0,596.21
0,596.21,3,WORKING,0,0,596.21
0,606.26,2,WORKING,0,0,606.26
0,606.26,1,WORKING,0,0,606.26
0,606.38,8,STARVED,0,0,606.38
0,606.38,9,WORKING,0,0,606.38
0,624.03,11,STARVED,0,0,624.03
0,631.74,5,STARVED,0,2,631.74
0,632.16,7,STARVED,0,0,632.16
0,632.16,8,WORKING,0,0,632.16
0,638.68,3,STARVED,0,1,638.68
0,643.99,0,WORKING,3,1,643.99
0,644.53,10,STARVED,0,0,644.53
0,644.53,11,WORKING,0,0,644.53
0,646.37,2,STARVED,0,0,646.37
0,646.37,3,WORKING,0,1,646.37
0,654.54,9,STARVED,0,0,654.54
0,654.54,10,WORKING,0,0,654.54
0,655.59,2,WORKING,0,0,655.59
0,655.59,1,WORKING,0,0,655.59
0,657.83,5,WORKING,0,2,657.83
0,657.83,4,WORKING,0,0,657.83
0,684.97,7,WORKING,0,0,684.97
0,684.97,6,WORKING,1,0,684.97
0,686.54,11,STARVED,0,0,686.54
0,688.91,8,STARVED,0,0,688.91
0,688.91,9,WORKING,0,0,688.91
0,689.94,0,WORKING,3,1,689.94
0,692.46,3,STARVED,0,1,692.46
0,700.87,2,STARVED,0,0,700.87
0,700.87,3,WORKING,0,1,700.87
0,708.45,2,WORKING,0,0,708.45
0,708.45,1,WORKING,0,0,708.45
0,712.4,10,STARVED,0,0,712.4
0,712.4,11,WORKING,0,0,712.4
0,714.42,4,WORKING,0,1,714.42
0,725.06,5,WORKING,0,2,725.06
0,725.99,7,STARVED,0,0,725.99
0,725.99,8,WORKING,0,0,725.99
0,729.05,9,STARVED,0,0,729.05
0,729.05,10,WORKING,0,0,729.05
0,739.19,0,WORKING,3,1,739.19
0,750.06,3,STARVED,0,1,750.06
0,758.95,2,STARVED,0,0,758.95
0,758.95,3,WORKING,0,1,758.95
0,764.09,7,WORKING,0,0,764.09
0,764.09,6,WORKING,1,0,764.09
0,765.15,4,WORKING,0,1,765.15
0,765.64,11,STARVED,0,0,765.64
0,766.47,8,STARVED,0,0,766.47
0,766.47,9,WORKING,0,0,766.47
0,773.71,2,WORKING,0,0,773.71
0,773.71,1,WORKING,0,0,773.71
0,781.29,10,STARVED,0,0,781.29
0,781.29,11,WORKING,0,0,781.29
0,782.66,5,WORKING,0,2,782.66
0,790.07,0,WORKING,3,1,790.07
0,808.02,3,STARVED,0,1,808.02
0,810.9,9,STARVED,0,0,810.9
0,810.9,10,WORKING,0,0,810.9
0,814.11,7,STARVED,0,0,814.11
0,814.11,8,WORKING,0,0,814.11
0,823.1,2,STARVED,0,0,823.1
0,823.1,3,WORKING,0,1,823.1
0,824.73,5,STARVED,0,3,824.73
0,829.4,11,STARVED,0,0,829.4
0,829.54,2,WORKING,0,0,829.54
0,829.54,1,WORKING,0,0,829.54
0,831.36,5,WORKING,0,3,831.36
0,831.36,4,WORKING,0,0,831.36
0,845.12,7,WORKING,0,0,845.12
0,845.12,6,WORKING,2,0,845.12
0,847.36,0,WORKING,3,1,847.36
0,850.48,8,STARVED,0,0,850.48
0,850.48,9,WORKING,0,0,850.48
0,864.69,10,STARVED,0,0,864.69
0,864.69,11,WORKING,0,0,864.69
0,870.32,5,STARVED,0,3,870.32
0,872.31,2,STARVED,0,1,872.31
0,872.79,3,WORKING,0,1,872.79
0,883.47,5,WORKING,0,3,883.47
0,883.47,4,WORKING,0,0,883.47
0,885.24,2,WORKING,0,0,885.24
0,885.24,1,WORKING,0,0,885.24
0,895.54,7,STARVED,0,0,895.54
0,895.54,8,WORKING,0,0,895.54
0,903.33,0,WORKING,3,1,903.33
0,905.09,9,STARVED,0,0,905.09
0,905.09,10,WORKING,0,0,905.09
0,909.9,11,STARVED,0,0,909.9
0,912.28,7,WORKING,0,0,912.28
0,912.28,6,WORKING,2,0,912.28
0,914.2,3,STARVED,0,1,914.2
0,926.89,4,WORKING,0,1,926.89
0,929.67,2,STARVED,0,0,929.67
0,929.67,3,WORKING,0,0,929.67
0,941.27,5,DOWN,0,3,941.27
0,945.24,2,WORKING,0,0,945.24
0,945.24,1,WORKING,0,0,945.24
0,950.36,8,STARVED,0,0,950.36
0,950.36,9,WORKING,0,0,950.36
0,952.54,7,STARVED,0,0,952.54
0,952.54,8,WORKING,0,0,952.54
0,953.46,0,WORKING,3,1,953.46
0,955.09,10,STARVED,0,0,955.09
0,955.09,11,WORKING,0,0,955.09
0,968.39,3,STARVED,0,1,968.39
0,975.87,7,WORKING,0,0,975.87
0,975.87,6,WORKING,2,0,975.87
0,977.69,5,WORKING,0,2,977.69
0,978.7,4,WORKING,0,1,978.7
0,993.05,9,STARVED,0,0,993.05
0,993.05,10,WORKING,0,0,993.05
0,997.64,1,WORKING,0,1,997.64
0,998.11,3,WORKING,0,0,998.11
0,998.11,2,WORKING,0,0,998.11
0,1003.29,11,STARVED,0,0,1003.29
0,1004.29,8,STARVED,0,0,1004.29
0,1004.29,9,WORKING,0,0,1004.29
0,1009.11,0,WORKING,3,1,1009.11
0,1023.14,7,STARVED,0,0,1023.14
0,1023.14,8,WORKING,0,0,1023.14
0,1032.92,5,WORKING,0,3,1032.92
0,1033.08,3,STARVED,0,1,1033.08
0,1044.81,4,WORKING,0,1,1044.81
0,1045.35,0,WORKING,3,2,1045.35
0,1054.18,2,STARVED,0,0,1054.18
0,1054.18,3,WORKING,0,0,1054.18
0,1054.71,7,WORKING,0,0,1054.71
0,1054.71,6,WORKING,2,0,1054.71
0,1058.27,10,STARVED,0,0,1058.27
0,1058.27,11,WORKING,0,0,1058.27
0,1060.7,9,STARVED,0,0,1060.7
0,1060.7,10,WORKING,0,0,1060.7
0,1060.84,2,WORKING,0,0,1060.84
0,1060.84,1,WORKING,1,0,1060.84
0,1068.14,8,STARVED,0,0,1068.14
0,1068.14,9,WORKING,0,0,1068.14
0,1089.75,5,WORKING,0,3,1089.75
0,1092.8,0,WORKING,3,2,1092.8
0,1098.07,4,STARVED,0,1,1098.07
0,1099.52,3,STARVED,0,0,1099.52
0,1099.52,4,WORKING,0,1,1099.52
0,1102.34,1,WORKING,1,1,1102.34
0,1105.23,3,WORKING,0,0,1105.23
0,1105.23,2,WORKING,0,0,1105.23
0,1105.9,7,STARVED,0,0,1105.9
0,1105.9,8,WORKING,0,0,1105.9
0,1111.62,10,STARVED,0,1,1111.62
0,1112.72,9,STARVED,0,0,1112.72
0,1112.72,10,WORKING,0,1,1112.72
0,1113.61,11,WORKING,0,0,1113.61
0,1130.16,7,WORKING,0,0,1130.16
0,1130.16,6,WORKING,2,0,1130.16
0,1136.08,5,WORKING,0,3,1136.08
0,1140.56,4,STARVED,0,1,1140.56
0,1141.96,1,WORKING,0,1,1141.96
0,1146.98,2,WORKING,0,1,1146.98
0,1149.01,0,WORKING,3,1,1149.01
0,1152.68,4,WORKING,0,1,1152.68
0,1152.68,3,WORKING,0,0,1152.68
0,1155.23,8,STARVED,0,0,1155.23
0,1155.23,9,WORKING,0,0,1155.23
0,1159.99,10,STARVED,0,1,1159.99
0,1169.46,11,WORKING,0,0,1169.46
0,1175.21,7,STARVED,0,0,1175.21
0,1175.21,8,WORKING,0,0,1175.21
0,1179.61,5,WORKING,0,4,1179.61
0,1192.84,3,STARVED,0,1,1192.84
0,1193.27,2,STARVED,0,0,1193.27
0,1193.27,3,WORKING,0,1,1193.27
0,1194.0,7,WORKING,0,0,1194.0
0,1194.0,6,WORKING,3,0,1194.0
0,1195.97,2,WORKING,0,0,1195.97
0,1195.97,1,WORKING,0,0,1195.97
0,1196.23,0,WORKING,3,1,1196.23
0,1200.59,9,STARVED,0,0,1200.59
0,1200.59,10,WORKING,0,0,1200.59
0,1217.56,4,WORKING,0,1,1217.56
0,1219.82,11,STARVED,0,0,1219.82
0,1222.88,5,WORKING,0,4,1222.88
0,1224.53,8,STARVED,0,0,1224.53
0,1224.53,9,WORKING,0,0,1224.53
0,1243.38,2,STARVED,0,1,1243.38
0,1243.97,0,WORKING,3,2,1243.97
0,1249.61,2,WORKING,0,1,1249.61
0,1249.61,1,WORKING,1,0,1249.61
0,1253.63,3,WORKING,0,1,1253.63
0,1254.44,6,WORKING,3,1,1254.44
0,1254.48,8,WORKING,0,0,1254.48
0,1254.48,7,WORKING,0,0,1254.48
0,1255.47,10,STARVED,0,0,1255.47
0,1255.47,11,WORKING,0,0,1255.47
0,1269.68,5,STARVED,0,4,1269.68
0,1273.77,9,STARVED,0,0,1273.77
0,1273.77,10,WORKING,0,0,1273.77
0,1283.33,5,WORKING,0,4,1283.33
0,1283.33,4,WORKING,0,0,1283.33
0,1294.13,0,WORKING,3,2,1294.13
0,1295.56,2,STARVED,0,1,1295.56
0,1300.21,7,STARVED,0,1,1300.21
0,1301.95,11,STARVED,0,0,1301.95
0,1304.8,3,WORKING,0,1,1304.8
0,1309.11,9,WORKING,0,0,1309.11
0,1309.11,8,WORKING,0,0,1309.11
0,1309.89,2,WORKING,0,0,1309.89
0,1309.89,1,WORKING,1,0,1309.89
0,1335.84,5,BLOCKED,0,4,1335.84
0,1336.98,3,STARVED,0,2,1336.98
0,1339.4,10,STARVED,0,0,1339.4
0,1339.4,11,WORKING,0,0,1339.4
0,1340.12,0,WORKING,3,2,1340.12
0,1340.17,4,WORKING,1,1,1340.17
0,1350.61,7,WORKING,0,0,1350.61
0,1350.61,6,WORKING,4,0,1350.61
0,1350.61,5,WORKING,0,4,1350.61
0,1358.53,8,STARVED,0,1,1358.53
0,1361.18,2,STARVED,0,0,1361.18
0,1361.18,3,WORKING,0,1,1361.18
0,1363.99,2,WORKING,0,0,1363.99
0,1363.99,1,WORKING,1,0,1363.99
0,1364.75,10,WORKING,0,0,1364.75
0,1364.75,9,WORKING,0,0,1364.75
0,1384.29,11,STARVED,0,0,1384.29
0,1394.35,6,WORKING,3,1,1394.35
0,1397.77,5,STARVED,0,4,1397.77
0,1400.84,0,WORKING,3,2,1400.84
0,1401.9,5,WORKING,0,4,1401.9
0,1401.9,4,WORKING,0,0,1401.9
0,1407.68,8,WORKING,0,0,1407.68
0,1407.68,7,WORKING,0,0,1407.68
0,1413.54,2,STARVED,0,1,1413.54
0,1413.59,9,STARVED,0,1,1413.59
0,1422.48,3,WORKING,0,1,1422.48
0,1425.74,2,WORKING,0,0,1425.74
0,1425.74,1,WORKING,1,0,1425.74
0,1427.4,11,WORKING,0,0,1427.4
0,1427.4,10,WORKING,0,0,1427.4
0,1451.24,5,BLOCKED,0,4,1451.24
0,1453.1,4,WORKING,0,1,1453.1
0,1453.24,0,WORKING,3,2,1453.24
0,1454.62,8,STARVED,0,0,1454.62
0,1454.62,9,WORKING,0,0,1454.62
0,1456.33,7,STARVED,0,0,1456.33
0,1456.33,8,WORKING,0,0,1456.33
0,1464.24,3,STARVED,0,1,1464.24
0,1473.05,7,WORKING,0,0,1473.05
0,1473.05,6,WORKING,4,0,1473.05
0,1473.05,5,WORKING,0,4,1473.05
0,1477.64,2,STARVED,0,0,1477.64
0,1477.64,3,WORKING,0,1,1477.64
0,1481.93,2,WORKING,0,0,1481.93
0,1481.93,1,WORKING,1,0,1481.93
0,1484.56,11,STARVED,0,0,1484.56
0,1489.08,10,STARVED,0,0,1489.08
0,1489.08,11,WORKING,0,0,1489.08
0,1500.0,0,WORKING,3,2,1500.0
0,1503.15,8,STARVED,0,1,1503.15
0,1514.17,4,WORKING,0,1,1514.17
0,1514.77,10,WORKING,0,0,1514.77
0,1514.77,9,WORKING,0,0,1514.77
0,1520.46,7,STARVED,0,0,1520.46
0,1520.46,8,WORKING,0,0,1520.46
0,1528.81,3,STARVED,0,1,1528.81
0,1530.9,5,BLOCKED,1,4,1530.9
0,1532.48,1,WORKING,1,1,1532.48
0,1536.35,3,WORKING,0,1,1536.35
0,1536.35,2,WORKING,0,0,1536.35
0,1539.24,11,STARVED,0,0,1539.24
0,1557.06,7,WORKING,0,0,1557.06
0,1557.06,6,WORKING,4,0,1557.06
0,1557.06,5,WORKING,0,4,1557.06
0,1559.97,0,WORKING,3,2,1559.97
0,1568.48,8,STARVED,0,1,1568.48
0,1571.77,1,WORKING,1,1,1571.77
0,1575.22,4,WORKING,0,1,1575.22
0,1575.33,9,WORKING,0,1,1575.33
0,1579.19,11,WORKING,0,0,1579.19
0,1579.19,10,WORKING,0,0,1579.19
0,1582.18,3,STARVED,0,1,1582.18
0,1582.52,3,WORKING,0,1,1582.52
0,1582.52,2,WORKING,0,0,1582.52
0,1599.93,7,STARVED,0,0,1599.93
0,1599.93,8,WORKING,0,0,1599.93
0,1604.07,5,BLOCKED,1,4,1604.07
0,1611.55,0,WORKING,3,2,1611.55
0,1612.99,1,WORKING,1,1,1612.99
0,1622.25,4,WORKING,0,2,1622.25
0,1624.06,7,WORKING,0,0,1624.06
0,1624.06,6,WORKING,4,0,1624.06
0,1624.06,5,WORKING,1,4,1624.06
0,1624.11,10,STARVED,0,1,1624.11
0,1630.09,9,STARVED,0,0,1630.09
0,1630.09,10,WORKING,0,1,1630.09
0,1635.66,11,WORKING,0,0,1635.66
0,1635.78,3,STARVED,0,1,1635.78
0,1639.0,3,WORKING,0,1,1639.0
0,1639.0,2,WORKING,0,0,1639.0
0,1651.15,1,WORKING,0,1,1651.15
0,1654.07,8,STARVED,0,0,1654.07
0,1654.07,9,WORKING,0,0,1654.07
0,1663.13,5,BLOCKED,1,4,1663.13
0,1663.42,0,WORKING,3,1,1663.42
0,1669.99,7,STARVED,0,0,1669.99
0,1669.99,8,WORKING,0,0,1669.99
0,1674.17,4,WORKING,0,2,1674.17
0,1676.86,10,STARVED,0,1,1676.86
0,1683.13,3,STARVED,0,1,1683.13
0,1687.74,9,STARVED,0,0,1687.74
0,1687.74,10,WORKING,0,1,1687.74
0,1692.05,11,WORKING,0,0,1692.05
0,1692.62,3,WORKING,0,1,1692.62
0,1692.62,2,WORKING,0,0,1692.62
0,1699.61,4,WORKING,0,3,1699.61
0,1699.75,7,WORKING,0,0,1699.75
0,1699.75,6,WORKING,4,0,1699.75
0,1699.75,5,WORKING,2,4,1699.75
0,1712.13,1,WORKING,0,1,1712.13
0,1716.95,0,WORKING,3,1,1716.95
0,1721.13,8,STARVED,0,0,1721.13
0,1721.13,9,WORKING,0,0,1721.13
0,1731.5,10,STARVED,0,1,1731.5
0,1733.3,4,STARVED,0,3,1733.3
0,1733.84,11,WORKING,0,0,1733.84
0,1739.19,3,STARVED,0,0,1739.19
0,1739.19,4,WORKING,0,3,1739.19
0,1747.18,3,WORKING,0,0,1747.18
0,1747.18,2,WORKING,0,0,1747.18
0,1753.33,1,WORKING,0,1,1753.33
0,1753.83,5,BLOCKED,3,4,1753.83
0,1756.97,7,STARVED,0,0,1756.97
0,1756.97,8,WORKING,0,0,1756.97
0,1763.9,0,WORKING,3,1,1763.9
0,1765.99,7,WORKING,0,0,1765.99
0,1765.99,6,WORKING,4,0,1765.99
0,1765.99,5,WORKING,2,4,1765.99
0,1774.8,9,STARVED,0,0,1774.8
0,1774.8,10,WORKING,0,0,1774.8
0,1781.3,11,STARVED,0,0,1781.3
0,1787.12,4,STARVED,0,3,1787.12
0,1789.09,2,WORKING,0,1,1789.09
0,1793.57,4,WORKING,0,3,1793.57
0,1793.57,3,WORKING,0,0,1793.57
0,1802.9,0,WORKING,3,2,1802.9
0,1803.22,7,STARVED,0,1,1803.22
0,1804.16,1,WORKING,1,1,1804.16
0,1809.01,5,BLOCKED,3,4,1809.01
0,1811.48,9,WORKING,0,0,1811.48
0,1811.48,8,WORKING,0,0,1811.48
0,1827.34,10,STARVED,0,0,1827.34
0,1827.34,11,WORKING,0,0,1827.34
0,1828.04,2,WORKING,0,1,1828.04
0,1830.4,4,STARVED,0,4,1830.4
0,1841.01,4,WORKING,0,4,1841.01
0,1841.01,3,WORKING,0,0,1841.01
0,1841.98,7,WORKING,0,0,1841.98
0,1841.98,6,WORKING,4,0,1841.98
0,1841.98,5,WORKING,3,4,1841.98
0,1850.84,0,WORKING,3,2,1850.84
0,1855.45,1,WORKING,1,1,1855.45
0,1864.77,11,STARVED,0,0,1864.77
0,1866.13,9,STARVED,0,0,1866.13
0,1866.13,10,WORKING,0,0,1866.13
0,1876.86,8,STARVED,0,0,1876.86
0,1876.86,9,WORKING,0,0,1876.86
0,1887.85,7,STARVED,0,0,1887.85
0,1887.85,8,WORKING,0,0,1887.85
0,1888.08,2,WORKING,0,1,1888.08
0,1888.91,3,WORKING,0,1,1888.91
0,1890.44,5,BLOCKED,3,4,1890.44
0,1891.05,4,WORKING,0,4,1891.05
0,1899.96,0,WORKING,3,2,1899.96
0,1901.0,1,WORKING,1,1,1901.0
0,1912.69,7,WORKING,0,0,1912.69
0,1912.69,6,WORKING,4,0,1912.69
0,1912.69,5,WORKING,3,4,1912.69
0,1922.7,10,STARVED,0,0,1922.7
0,1922.7,11,WORKING,0,0,1922.7
0,1922.7,9,STARVED,0,0,1922.7
0,1922.7,10,WORKING,0,0,1922.7
0,1923.72,4,STARVED,0,4,1923.72
0,1926.5,2,WORKING,0,1,1926.5
0,1936.02,8,STARVED,0,0,1936.02
0,1936.02,9,WORKING,0,0,1936.02
0,1949.15,0,WORKING,3,2,1949.15
0,1951.92,4,WORKING,0,4,1951.92
0,1951.92,3,WORKING,0,0,1951.92
0,1956.96,5,BLOCKED,4,4,1956.96
0,1961.1,1,WORKING,1,1,1961.1
0,1963.87,7,STARVED,0,0,1963.87
0,1963.87,8,WORKING,0,0,1963.87
0,1966.56,11,STARVED,0,0,1966.56
0,1967.96,10,STARVED,0,0,1967.96
0,1967.96,11,WORKING,0,0,1967.96
0,1973.01,2,WORKING,0,1,1973.01
0,1992.43,3,WORKING,0,1,1992.43
0,2000.65,9,STARVED,0,0,2000.65
0,2000.65,10,WORKING,0,0,2000.65
0,2000.73,7,WORKING,0,0,2000.73
0,2000.73,6,WORKING,4,0,2000.73
0,2000.73,5,WORKING,3,4,2000.73
0,2007.47,2,STARVED,0,1,2007.47
0,2008.38,2,WORKING,0,1,2008.38
0,2008.38,1,WORKING,0,0,2008.38
0,2010.51,4,WORKING,0,4,2010.51
0,2015.63,0,WORKING,3,1,2015.63
0,2019.94,11,STARVED,0,0,2019.94
0,2022.2,8,STARVED,0,0,2022.2
0,2022.2,9,WORKING,0,0,2022.2
0,2042.31,7,STARVED,0,0,2042.31
0,2042.31,8,WORKING,0,0,2042.31
0,2046.7,3,WORKING,0,1,2046.7
0,2047.42,5,BLOCKED,4,4,2047.42
0,2047.72,2,STARVED,0,1,2047.72
0,2057.76,10,STARVED,0,0,2057.76
0,2057.76,11,WORKING,0,0,2057.76
0,2061.71,2,WORKING,0,1,2061.71
0,2061.71,1,WORKING,0,0,2061.71
0,2065.78,0,WORKING,3,1,2065.78
0,2069.02,4,BLOCKED,1,4,2069.02
0,2075.11,9,STARVED,0,0,2075.11
0,2075.11,10,WORKING,0,0,2075.11
0,2090.46,7,WORKING,0,0,2090.46
0,2090.46,6,WORKING,4,0,2090.46
0,2090.46,5,WORKING,4,4,2090.46
0,2090.46,4,WORKING,0,4,2090.46
0,2090.95,3,WORKING,0,1,2090.95
0,2098.91,11,STARVED,0,0,2098.91
0,2100.17,2,STARVED,0,1,2100.17
0,2106.83,8,STARVED,0,0,2106.83
0,2106.83,9,WORKING,0,0,2106.83
0,2109.73,2,WORKING,0,1,2109.73
0,2109.73,1,WORKING,0,0,2109.73
0,2115.84,0,WORKING,3,1,2115.84
0,2124.96,10,STARVED,0,0,2124.96
0,2124.96,11,WORKING,0,0,2124.96
0,2131.94,3,WORKING,0,2,2131.94
0,2143.4,7,STARVED,0,0,2143.4
0,2143.4,8,WORKING,0,0,2143.4
0,2145.78,4,BLOCKED,2,4,2145.78
0,2150.94,5,BLOCKED,4,4,2150.94
0,2162.73,2,STARVED,0,1,2162.73
0,2166.13,9,STARVED,0,0,2166.13
0,2166.13,10,WORKING,0,0,2166.13
0,2166.85,7,WORKING,0,0,2166.85
0,2166.85,6,WORKING,4,0,2166.85
0,2166.85,5,WORKING,4,4,2166.85
0,2166.85,4,WORKING,1,4,2166.85
0,2168.93,0,WORKING,3,2,2168.93
0,2170.12,11,STARVED,0,0,2170.12
0,2172.43,2,WORKING,0,1,2172.43
0,2172.43,1,WORKING,1,0,2172.43
0,2174.3,3,WORKING,0,2,2174.3
0,2177.86,8,STARVED,0,0,2177.86
0,2177.86,9,WORKING,0,0,2177.86
0,2215.3,10,STARVED,0,0,2215.3
0,2215.3,11,WORKING,0,0,2215.3
0,2216.27,0,WORKING,3,2,2216.27
0,2217.4,3,STARVED,0,3,2217.4
0,2218.61,7,STARVED,0,0,2218.61
0,2218.61,8,WORKING,0,0,2218.61
0,2222.03,5,BLOCKED,4,4,2222.03
0,2224.92,4,BLOCKED,3,4,2224.92
0,2228.01,1,WORKING,1,1,2228.01
0,2228.54,3,WORKING,0,3,2228.54
0,2228.54,2,WORKING,0,0,2228.54
0,2235.26,7,WORKING,0,0,2235.26
0,2235.26,6,WORKING,4,0,2235.26
0,2235.26,5,WORKING,4,4,2235.26
0,2235.26,4,WORKING,2,4,2235.26
0,2240.12,9,STARVED,0,0,2240.12
0,2240.12,10,WORKING,0,0,2240.12
0,2264.77,11,STARVED,0,0,2264.77
0,2267.96,0,WORKING,3,2,2267.96
0,2269.27,8,STARVED,0,0,2269.27
0,2269.27,9,WORKING,0,0,2269.27
0,2270.38,3,STARVED,0,3,2270.38
0,2275.5,5,BLOCKED,4,4,2275.5
0,2276.69,4,BLOCKED,3,4,2276.69
0,2277.54,2,STARVED,0,0,2277.54
0,2277.54,3,WORKING,0,3,2277.54
0,2281.21,2,WORKING,0,0,2281.21
0,2281.21,1,WORKING,1,0,2281.21
0,2286.03,7,STARVED,0,0,2286.03
0,2286.03,8,WORKING,0,0,2286.03
0,2297.47,10,STARVED,0,0,2297.47
0,2297.47,11,WORKING,0,0,2297.47
0,2314.85,7,WORKING,0,0,2314.85
0,2314.85,6,WORKING,4,0,2314.85
0,2314.85,5,WORKING,4,4,2314.85
0,2314.85,4,WORKING,2,4,2314.85
0,2317.58,0,WORKING,3,2,2317.58
0,2322.94,9,STARVED,0,0,2322.94
0,2322.94,10,WORKING,0,0,2322.94
0,2323.46,2,STARVED,0,1,2323.46
0,2324.79,3,WORKING,0,3,2324.79
0,2330.28,2,WORKING,0,0,2330.28
0,2330.28,1,WORKING,1,0,2330.28
0,2341.47,11,STARVED,0,0,2341.47
0,2350.98,8,STARVED,0,0,2350.98
0,2350.98,9,WORKING,0,0,2350.98
0,2353.96,7,STARVED,0,0,2353.96
0,2353.96,8,WORKING,0,0,2353.96
0,2360.27,5,BLOCKED,4,4,2360.27
0,2365.98,0,WORKING,3,2,2365.98
0,2366.16,2,STARVED,0,1,2366.16
0,2367.18,3,WORKING,0,4,2367.18
0,2367.95,4,BLOCKED,4,4,2367.95
0,2369.94,10,STARVED,0,0,2369.94
0,2369.94,11,WORKING,0,0,2369.94
0,2371.85,7,WORKING,0,0,2371.85
0,2371.85,6,WORKING,4,0,2371.85
0,2371.85,5,WORKING,4,4,2371.85
0,2371.85,4,WORKING,3,4,2371.85
0,2394.7,2,WORKING,0,0,2394.7
0,2394.7,1,WORKING,1,0,2394.7
0,2406.11,8,STARVED,0,1,2406.11
0,2410.11,10,WORKING,0,0,2410.11
0,2410.11,9,WORKING,0,0,2410.11
0,2410.34,3,STARVED,0,4,2410.34
0,2417.8,7,STARVED,0,0,2417.8
0,2417.8,8,WORKING,0,0,2417.8
0,2419.1,4,BLOCKED,4,4,2419.1
0,2419.15,0,WORKING,3,2,2419.15
0,2423.69,5,BLOCKED,4,4,2423.69
0,2430.0,11,STARVED,0,0,2430.0
0,2432.85,2,STARVED,0,0,2432.85
0,2432.85,3,WORKING,0,4,2432.85
0,2444.38,7,WORKING,0,0,2444.38
0,2444.38,6,WORKING,4,0,2444.38
0,2444.38,5,WORKING,4,4,2444.38
0,2444.38,4,WORKING,3,4,2444.38
0,2445.99,2,WORKING,0,0,2445.99
0,2445.99,1,WORKING,1,0,2445.99
0,2451.95,10,STARVED,0,0,2451.95
0,2451.95,11,WORKING,0,0,2451.95
0,2452.3,8,STARVED,0,1,2452.3
0,2466.9,10,WORKING,0,0,2466.9
0,2466.9,9,WORKING,0,0,2466.9
0,2475.51,3,STARVED,0,4,2475.51
0,2488.45,0,WORKING,3,2,2488.45
0,2495.05,11,STARVED,0,0,2495.05
0,2495.38,7,STARVED,0,0,2495.38
0,2495.38,8,WORKING,0,0,2495.38
0,2499.87,5,BLOCKED,4,4,2499.87
0,2502.96,1,WORKING,1,1,2502.96
0,2505.88,3,WORKING,0,4,2505.88
0,2505.88,2,WORKING,0,0,2505.88
0,2515.96,7,WORKING,0,0,2515.96
0,2515.96,6,WORKING,4,0,2515.96
0,2515.96,5,WORKING,3,4,2515.96
0,2517.25,10,STARVED,0,0,2517.25
0,2517.25,11,WORKING,0,0,2517.25
0,2523.29,4,WORKING,3,4,2523.29
0,2526.54,9,STARVED,0,0,2526.54
0,2526.54,10,WORKING,0,0,2526.54
0,2540.58,0,WORKING,3,2,2540.58
0,2542.92,8,STARVED,0,0,2542.92
0,2542.92,9,WORKING,0,0,2542.92
0,2551.31,1,WORKING,1,1,2551.31
0,2556.6,5,BLOCKED,4,4,2556.6
0,2557.46,3,STARVED,0,4,2557.46
0,2557.86,3,WORKING,0,4,2557.86
0,2557.86,2,WORKING,0,0,2557.86
0,2562.76,11,STARVED,0,0,2562.76
0,2573.91,7,STARVED,0,0,2573.91
0,2573.91,8,WORKING,0,0,2573.91
0,2583.3,0,WORKING,3,2,2583.3
0,2589.48,10,STARVED,0,0,2589.48
0,2589.48,11,WORKING,0,0,2589.48
0,2592.72,9,STARVED,0,0,2592.72
0,2592.72,10,WORKING,0,0,2592.72
0,2594.05,7,WORKING,0,0,2594.05
0,2594.05,6,WORKING,4,0,2594.05
0,2594.05,5,WORKING,3,4,2594.05
0,2597.02,2,STARVED,0,1,2597.02
0,2598.04,4,WORKING,3,4,2598.04
0,2605.2,2,WORKING,0,1,2605.2
0,2605.2,1,WORKING,1,0,2605.2
0,2608.79,3,WORKING,0,4,2608.79
0,2632.6,0,WORKING,3,2,2632.6
0,2634.56,8,STARVED,0,0,2634.56
0,2634.56,9,WORKING,0,0,2634.56
0,2637.2,6,WORKING,3,1,2637.2
0,2640.01,11,STARVED,0,0,2640.01
0,2647.7,10,STARVED,0,0,2647.7
0,2647.7,11,WORKING,0,0,2647.7
0,2648.93,8,WORKING,0,0,2648.93
0,2648.93,7,WORKING,0,0,2648.93
0,2648.94,2,STARVED,0,1,2648.94
0,2654.25,3,BLOCKED,1,4,2654.25
0,2658.49,5,WORKING,3,4,2658.49
0,2664.76,2,WORKING,0,1,2664.76
0,2664.76,1,WORKING,1,0,2664.76
0,2667.16,4,WORKING,4,4,2667.16
0,2667.16,3,WORKING,0,4,2667.16
0,2677.7,0,WORKING,3,2,2677.7
0,2692.36,11,STARVED,0,0,2692.36
0,2695.31,2,STARVED,0,1,2695.31
0,2696.17,9,STARVED,0,0,2696.17
0,2696.17,10,WORKING,0,0,2696.17
0,2700.55,8,STARVED,0,0,2700.55
0,2700.55,9,WORKING,0,0,2700.55
0,2701.94,7,STARVED,0,0,2701.94
0,2701.94,8,WORKING,0,0,2701.94
0,2702.73,3,BLOCKED,1,4,2702.73
0,2716.42,5,BLOCKED,4,4,2716.42
0,2724.55,7,WORKING,0,0,2724.55
0,2724.55,6,WORKING,4,0,2724.55
0,2724.55,5,WORKING,3,4,2724.55
0,2725.35,2,WORKING,0,1,2725.35
0,2725.35,1,WORKING,1,0,2725.35
0,2728.76,0,WORKING,3,2,2728.76
0,2734.89,4,WORKING,4,4,2734.89
0,2734.89,3,WORKING,0,4,2734.89
0,2740.2,10,STARVED,0,0,2740.2
0,2740.2,11,WORKING,0,0,2740.2
0,2755.6,8,STARVED,0,1,2755.6
0,2756.4,10,WORKING,0,0,2756.4
0,2756.4,9,WORKING,0,0,2756.4
0,2765.3,7,STARVED,0,0,2765.3
0,2765.3,8,WORKING,0,0,2765.3
0,2770.52,7,WORKING,0,0,2770.52
0,2770.52,6,WORKING,3,0,2770.52
0,2772.7,2,STARVED,0,1,2772.7
0,2774.87,2,WORKING,0,1,2774.87
0,2774.87,1,WORKING,1,0,2774.87
0,2776.31,3,BLOCKED,1,4,2776.31
0,2785.5,5,WORKING,3,4,2785.5
0,2786.89,0,WORKING,3,2,2786.89
0,2789.49,4,WORKING,4,4,2789.49
0,2789.49,3,WORKING,0,4,2789.49
0,2796.91,11,STARVED,0,0,2796.91
0,2797.91,9,STARVED,0,1,2797.91
0,2810.05,11,WORKING,0,0,2810.05
0,2810.05,10,WORKING,0,0,2810.05
0,2813.02,8,STARVED,0,0,2813.02
0,2813.02,9,WORKING,0,0,2813.02
0,2814.76,7,STARVED,0,0,2814.76
0,2814.76,8,WORKING,0,0,2814.76
0,2823.57,2,STARVED,0,1,2823.57
0,2832.48,4,BLOCKED,4,4,2832.48
0,2833.12,5,BLOCKED,4,4,2833.12
0,2833.25,0,WORKING,3,3,2833.25
0,2840.07,7,WORKING,0,0,2840.07
0,2840.07,6,WORKING,4,0,2840.07
0,2840.07,5,WORKING,4,4,2840.07
0,2840.07,4,WORKING,3,4,2840.07
0,2840.23,2,WORKING,0,1,2840.23
0,2840.23,1,WORKING,2,0,2840.23
0,2841.76,3,WORKING,0,4,2841.76
0,2849.11,11,STARVED,0,0,2849.11
0,2854.28,9,STARVED,0,1,2854.28
0,2866.99,8,STARVED,0,0,2866.99
0,2866.99,9,WORKING,0,1,2866.99
0,2869.95,11,WORKING,0,0,2869.95
0,2869.95,10,WORKING,0,0,2869.95
0,2883.75,3,BLOCKED,0,4,2883.75
0,2886.95,0,WORKING,3,3,2886.95
0,2889.53,1,WORKING,2,1,2889.53
0,2895.28,7,STARVED,0,0,2895.28
0,2895.28,8,WORKING,0,0,2895.28
0,2895.65,5,BLOCKED,4,4,2895.65
0,2895.82,2,WORKING,0,1,2895.82
0,2905.6,4,BLOCKED,4,4,2905.6
0,2913.19,7,WORKING,0,0,2913.19
0,2913.19,6,WORKING,4,0,2913.19
0,2913.19,5,WORKING,4,4,2913.19
0,2913.19,4,WORKING,4,4,2913.19
0,2913.19,3,WORKING,0,4,2913.19
0,2916.2,9,STARVED,0,1,2916.2
0,2919.42,10,WORKING,0,1,2919.42
0,2922.22,11,WORKING,0,0,2922.22
0,2940.24,0,WORKING,3,3,2940.24
0,2943.38,1,WORKING,2,1,2943.38
0,2943.87,2,WORKING,0,1,2943.87
0,2948.01,8,STARVED,0,0,2948.01
0,2948.01,9,WORKING,0,0,2948.01
0,2956.37,7,STARVED,0,0,2956.37
0,2956.37,8,WORKING,0,0,2956.37
0,2961.37,3,BLOCKED,1,4,2961.37
0,2966.22,5,BLOCKED,4,4,2966.22
0,2973.26,11,STARVED,0,0,2973.26
0,2976.33,10,STARVED,0,0,2976.33
0,2976.33,11,WORKING,0,0,2976.33
0,2980.31,4,BLOCKED,4,4,2980.31
0,2986.53,9,STARVED,0,0,2986.53
0,2986.53,10,WORKING,0,0,2986.53
0,2990.16,1,WORKING,1,1,2990.16
0,2990.41,0,WORKING,3,2,2990.41
0,2993.11,7,WORKING,0,0,2993.11
0,2993.11,6,WORKING,4,0,2993.11
0,2993.11,5,WORKING,4,4,2993.11
0,2993.11,4,WORKING,4,4,2993.11
0,2993.11,3,WORKING,0,4,2993.11
0,2995.44,8,STARVED,0,0,2995.44
0,2995.44,9,WORKING,0,0,2995.44
0,2996.79,2,WORKING,0,1,2996.79
0,3017.29,11,STARVED,0,0,3017.29
0,3028.35,10,STARVED,0,0,3028.35
0,3028.35,11,WORKING,0,0,3028.35
0,3039.64,7,STARVED,0,0,3039.64
0,3039.64,8,WORKING,0,0,3039.64
0,3039.69,1,WORKING,1,1,3039.69
0,3040.49,5,BLOCKED,4,4,3040.49
0,3043.15,9,STARVED,0,0,3043.15
0,3043.15,10,WORKING,0,0,3043.15
0,3045.08,0,WORKING,3,2,3045.08
0,3049.76,2,WORKING,0,2,3049.76
0,3052.29,3,BLOCKED,2,4,3052.29
0,3056.21,7,WORKING,0,0,3056.21
0,3056.21,6,WORKING,4,0,3056.21
0,3056.21,5,WORKING,3,4,3056.21
0,3057.15,4,WORKING,4,4,3057.15
0,3057.15,3,WORKING,1,4,3057.15
0,3076.18,11,STARVED,0,0,3076.18
0,3091.76,1,WORKING,1,1,3091.76
0,3092.0,8,STARVED,0,0,3092.0
0,3092.0,9,WORKING,0,0,3092.0
0,3097.7,0,WORKING,3,2,3097.7
0,3100.47,7,STARVED,0,0,3100.47
0,3100.47,8,WORKING,0,0,3100.47
0,3104.09,2,WORKING,0,2,3104.09
0,3106.76,10,STARVED,0,0,3106.76
0,3106.76,11,WORKING,0,0,3106.76
0,3111.47,7,WORKING,0,0,3111.47
0,3111.47,6,WORKING,3,0,3111.47
0,3111.84,5,WORKING,3,4,3111.84
0,3113.1,3,BLOCKED,2,4,3113.1
0,3115.44,4,WORKING,4,4,3115.44
0,3115.44,3,WORKING,1,4,3115.44
0,3144.8,8,STARVED,0,1,3144.8
0,3144.99,10,WORKING,0,0,3144.99
0,3144.99,9,WORKING,0,0,3144.99
0,3145.15,1,WORKING,1,1,3145.15
0,3151.72,2,WORKING,0,2,3151.72
0,3151.75,0,WORKING,3,2,3151.75
0,3155.05,7,STARVED,0,0,3155.05
0,3155.05,8,WORKING,0,0,3155.05
0,3155.74,11,STARVED,0,0,3155.74
0,3166.59,3,BLOCKED,2,4,3166.59
0,3171.19,4,BLOCKED,4,4,3171.19
0,3171.74,5,BLOCKED,4,4,3171.74
0,3188.16,9,STARVED,0,1,3188.16
0,3196.62,7,WORKING,0,0,3196.62
0,3196.62,6,WORKING,4,0,3196.62
0,3196.62,5,WORKING,4,4,3196.62
0,3196.62,4,WORKING,4,4,3196.62
0,3196.62,3,WORKING,1,4,3196.62
0,3199.24,11,WORKING,0,0,3199.24
0,3199.24,10,WORKING,0,0,3199.24
0,3201.44,1,WORKING,1,1,3201.44
0,3201.63,8,STARVED,0,0,3201.63
0,3201.63,9,WORKING,0,0,3201.63
0,3202.27,2,WORKING,0,2,3202.27
0,3215.33,0,WORKING,3,2,3215.33
0,3241.73,3,BLOCKED,2,4,3241.73
0,3246.24,7,STARVED,0,0,3246.24
0,3246.24,8,WORKING,0,0,3246.24
0,3248.01,5,BLOCKED,4,4,3248.01
0,3250.91,2,STARVED,0,3,3250.91
0,3252.83,11,STARVED,0,0,3252.83
0,3256.28,2,WORKING,0,3,3256.28
0,3256.28,1,WORKING,1,0,3256.28
0,3257.42,10,STARVED,0,0,3257.42
0,3257.42,11,WORKING,0,0,3257.42
0,3257.42,0,WORKING,3,2,3257.42
0,3265.09,4,BLOCKED,4,4,3265.09
0,3266.12,9,STARVED,0,0,3266.12
0,3266.12,10,WORKING,0,0,3266.12
0,3289.7,8,STARVED,0,0,3289.7
0,3289.7,9,WORKING,0,0,3289.7
0,3294.66,7,WORKING,0,0,3294.66
0,3294.66,6,WORKING,4,0,3294.66
0,3294.66,5,WORKING,4,4,3294.66
0,3294.66,4,WORKING,4,4,3294.66
0,3294.66,3,WORKING,2,4,3294.66
0,3300.36,11,STARVED,0,0,3300.36
0,3303.06,0,WORKING,3,3,3303.06
0,3307.47,2,STARVED,0,3,3307.47
0,3311.68,2,WORKING,0,3,3311.68
0,3311.68,1,WORKING,2,0,3311.68
0,3329.13,10,STARVED,0,0,3329.13
0,3329.13,11,WORKING,0,0,3329.13
0,3335.31,7,STARVED,0,0,3335.31
0,3335.31,8,WORKING,0,0,3335.31
0,3342.16,9,STARVED,0,0,3342.16
0,3342.16,10,WORKING,0,0,3342.16
0,3344.34,5,BLOCKED,4,4,3344.34
0,3344.89,2,STARVED,0,4,3344.89
0,3346.41,3,BLOCKED,4,4,3346.41
0,3349.23,4,BLOCKED,4,4,3349.23
0,3360.08,0,WORKING,3,3,3360.08
0,3366.16,2,WORKING,0,4,3366.16
0,3366.16,1,WORKING,2,0,3366.16
0,3373.56,8,STARVED,0,0,3373.56
0,3373.56,9,WORKING,0,0,3373.56
0,3374.28,7,WORKING,0,0,3374.28
0,3374.28,6,WORKING,4,0,3374.28
0,3374.28,5,WORKING,4,4,3374.28
0,3374.28,4,WORKING,4,4,3374.28
0,3374.28,3,WORKING,3,4,3374.28
0,3375.06,11,STARVED,0,0,3375.06
0,3392.37,10,STARVED,0,0,3392.37
0,3392.37,11,WORKING,0,0,3392.37
0,3409.02,0,WORKING,3,3,3409.02
0,3415.29,2,STARVED,0,4,3415.29
0,3416.35,5,BLOCKED,4,4,3416.35
0,3417.21,3,BLOCKED,4,4,3417.21
0,3419.34,4,BLOCKED,4,4,3419.34
0,3422.86,2,WORKING,0,4,3422.86
0,3422.86,1,WORKING,2,0,3422.86
0,3425.53,9,STARVED,0,0,3425.53
0,3425.53,10,WORKING,0,0,3425.53
0,3433.64,7,STARVED,0,0,3433.64
0,3433.64,8,WORKING,0,0,3433.64
0,3435.85,7,WORKING,0,0,3435.85
0,3435.85,6,WORKING,4,0,3435.85
0,3435.85,5,WORKING,4,4,3435.85
0,3435.85,4,WORKING,4,4,3435.85
0,3435.85,3,WORKING,3,4,3435.85
0,3443.81,11,STARVED,0,0,3443.81
0,3458.9,0,WORKING,3,3,3458.9
0,3471.38,2,STARVED,0,4,3471.38
0,3477.66,2,WORKING,0,4,3477.66
0,3477.66,1,WORKING,2,0,3477.66
0,3482.53,7,STARVED,0,1,3482.53
0,3485.09,10,STARVED,0,0,3485.09
0,3485.09,11,WORKING,0,0,3485.09
0,3485.5,4,BLOCKED,4,4,3485.5
0,3486.27,9,WORKING,0,0,3486.27
0,3486.27,8,WORKING,0,0,3486.27
0,3486.85,3,BLOCKED,4,4,3486.85
0,3493.81,5,BLOCKED,4,4,3493.81
0,3511.97,7,WORKING,0,0,3511.97
0,3511.97,6,WORKING,4,0,3511.97
0,3511.97,5,WORKING,4,4,3511.97
0,3511.97,4,WORKING,4,4,3511.97
0,3511.97,3,WORKING,3,4,3511.97
0,3512.28,0,WORKING,3,3,3512.28
0,3522.32,2,STARVED,0,4,3522.32
0,3524.11,2,WORKING,0,4,3524.11
0,3524.11,1,WORKING,2,0,3524.11
0,3530.25,11,STARVED,0,0,3530.25
0,3538.99,8,STARVED,0,1,3538.99
0,3539.5,10,WORKING,0,0,3539.5
0,3539.5,9,WORKING,0,0,3539.5
0,3556.35,0,WORKING,3,3,3556.35
0,3556.52,5,BLOCKED,4,4,3556.52
0,3557.24,7,STARVED,0,0,3557.24
0,3557.24,8,WORKING,0,0,3557.24
0,3558.74,1,WORKING,2,1,3558.74
0,3559.04,3,BLOCKED,4,4,3559.04
0,3562.91,4,BLOCKED,4,4,3562.91
0,3575.87,2,BLOCKED,1,4,3575.87
0,3586.68,9,STARVED,0,1,3586.68
0,3586.73,11,WORKING,0,0,3586.73
0,3586.73,10,WORKING,0,0,3586.73
0,3592.9,7,WORKING,0,0,3592.9
0,3592.9,6,WORKING,4,0,3592.9
0,3592.9,5,WORKING,4,4,3592.9
0,3592.9,4,WORKING,4,4,3592.9
0,3592.9,3,WORKING,4,4,3592.9
0,3592.9,2,WORKING,0,4,3592.9
0,3595.87,8,STARVED,0,0,3595.87
0,3595.87,9,WORKING,0,0,3595.87
0,3601.25,1,WORKING,1,1,3601.25
0,3607.03,0,WORKING,3,2,3607.03
0,3624.47,6,WORKING,3,1,3624.47
0,3627.72,11,STARVED,0,0,3627.72
0,3638.27,10,STARVED,0,0,3638.27
0,3638.27,11,WORKING,0,0,3638.27
0,3640.13,2,BLOCKED,1,4,3640.13
0,3640.71,3,BLOCKED,4,4,3640.71
0,3643.12,5,WORKING,3,4,3643.12
0,3645.44,9,STARVED,0,0,3645.44
0,3645.44,10,WORKING,0,0,3645.44
0,3647.03,4,WORKING,4,4,3647.03
0,3647.03,3,WORKING,4,4,3647.03
0,3647.03,2,WORKING,0,4,3647.03
0,3649.16,8,WORKING,0,0,3649.16
0,3649.16,7,WORKING,0,0,3649.16
0,3653.84,0,WORKING,3,3,3653.84
0,3658.92,1,WORKING,2,1,3658.92
0,3682.62,3,BLOCKED,4,4,3682.62
0,3685.28,6,WORKING,3,1,3685.28
0,3689.38,11,STARVED,0,0,3689.38
0,3690.78,5,WORKING,3,4,3690.78
0,3691.76,10,STARVED,0,0,3691.76
0,3691.76,11,WORKING,0,0,3691.76
0,3699.48,2,BLOCKED,1,4,3699.48
0,3702.2,1,WORKING,1,2,3702.2
0,3704.7,4,WORKING,4,4,3704.7
0,3704.7,3,WORKING,4,4,3704.7
0,3704.7,2,WORKING,1,4,3704.7
0,3707.03,7,WORKING,0,1,3707.03
0,3709.93,0,WORKING,3,2,3709.93
0,3710.07,9,WORKING,0,0,3710.07
0,3710.07,8,WORKING,0,0,3710.07
0,3740.23,5,BLOCKED,4,4,3740.23
0,3745.89,4,BLOCKED,4,4,3745.89
0,3748.17,3,BLOCKED,4,4,3748.17
0,3750.2,11,STARVED,0,0,3750.2
0,3752.96,2,BLOCKED,1,4,3752.96
0,3754.06,7,STARVED,0,1,3754.06
0,3755.88,1,WORKING,1,2,3755.88
0,3756.45,7,WORKING,0,1,3756.45
0,3756.45,6,WORKING,4,0,3756.45
0,3756.45,5,WORKING,4,4,3756.45
0,3756.45,4,WORKING,4,4,3756.45
0,3756.45,3,WORKING,4,4,3756.45
0,3756.45,2,WORKING,1,4,3756.45
0,3759.6,8,WORKING,0,1,3759.6
0,3760.0,0,WORKING,3,2,3760.0
0,3760.27,10,WORKING,0,0,3760.27
0,3760.27,9,WORKING,0,0,3760.27
0,3794.03,5,BLOCKED,4,4,3794.03
0,3797.34,7,STARVED,0,1,3797.34
0,3805.87,3,BLOCKED,4,4,3805.87
0,3806.4,1,WORKING,1,2,3806.4
0,3810.76,8,WORKING,0,1,3810.76
0,3811.29,9,WORKING,0,1,3811.29
0,3811.78,2,BLOCKED,2,4,3811.78
0,3813.36,4,BLOCKED,4,4,3813.36
0,3816.37,11,WORKING,0,0,3816.37
0,3816.37,10,WORKING,0,0,3816.37
0,3820.46,0,WORKING,3,2,3820.46
0,3842.42,7,WORKING,0,0,3842.42
0,3842.42,6,WORKING,4,0,3842.42
0,3842.42,5,WORKING,4,4,3842.42
0,3842.42,4,WORKING,4,4,3842.42
0,3842.42,3,WORKING,4,4,3842.42
0,3842.42,2,WORKING,1,4,3842.42
0,3855.74,1,WORKING,1,2,3855.74
0,3856.2,11,STARVED,0,0,3856.2
0,3860.74,8,STARVED,0,1,3860.74
0,3863.07,9,WORKING,0,1,3863.07
0,3864.85,11,WORKING,0,0,3864.85
0,3864.85,10,WORKING,0,0,3864.85
0,3870.55,0,WORKING,3,2,3870.55
0,3875.71,7,STARVED,0,0,3875.71
0,3875.71,8,WORKING,0,0,3875.71
0,3889.1,5,BLOCKED,4,4,3889.1
0,3889.62,2,BLOCKED,2,4,3889.62
0,3892.32,3,BLOCKED,4,4,3892.32
0,3898.93,1,WORKING,1,3,3898.93
0,3906.97,7,WORKING,0,0,3906.97
0,3906.97,6,WORKING,4,0,3906.97
0,3906.97,5,WORKING,3,4,3906.97
0,3911.87,11,STARVED,0,0,3911.87
0,3913.34,9,STARVED,0,1,3913.34
0,3918.07,11,WORKING,0,0,3918.07
0,3918.07,10,WORKING,0,0,3918.07
0,3918.35,4,WORKING,4,4,3918.35
0,3918.35,3,WORKING,4,4,3918.35
0,3918.35,2,WORKING,2,4,3918.35
0,3926.64,8,STARVED,0,0,3926.64
0,3926.64,9,WORKING,0,0,3926.64
0,3929.04,0,WORKING,3,2,3929.04
0,3949.78,1,WORKING,1,3,3949.78
0,3955.4,7,STARVED,0,0,3955.4
0,3955.4,8,WORKING,0,0,3955.4
0,3958.78,5,BLOCKED,4,4,3958.78
0,3960.56,10,STARVED,0,1,3960.56
0,3962.58,4,BLOCKED,4,4,3962.58
0,3963.82,11,WORKING,0,0,3963.82
0,3965.47,2,BLOCKED,3,4,3965.47
0,3966.01,7,WORKING,0,0,3966.01
0,3966.01,6,WORKING,4,0,3966.01
0,3966.01,5,WORKING,4,4,3966.01
0,3966.01,4,WORKING,3,4,3966.01
0,3967.19,3,WORKING,4,4,3967.19
0,3967.19,2,WORKING,2,4,3967.19
0,3979.21,0,WORKING,3,2,3979.21
0,3986.49,9,STARVED,0,0,3986.49
0,3986.49,10,WORKING,0,0,3986.49
0,3995.5,8,STARVED,0,0,3995.5
0,3995.5,9,WORKING,0,0,3995.5
0,3998.26,1,WORKING,1,3,3998.26
0,4009.26,5,BLOCKED,4,4,4009.26
0,4010.52,2,BLOCKED,3,4,4010.52
0,4012.2,11,STARVED,0,0,4012.2
0,4012.54,7,STARVED,0,0,4012.54
0,4012.54,8,WORKING,0,0,4012.54
0,4014.16,3,BLOCKED,4,4,4014.16
0,4020.72,4,BLOCKED,4,4,4020.72
0,4034.37,0,WORKING,3,2,4034.37
0,4036.54,7,WORKING,0,0,4036.54
0,4036.54,6,WORKING,4,0,4036.54
0,4036.54,5,WORKING,4,4,4036.54
0,4036.54,4,WORKING,4,4,4036.54
0,4036.54,3,WORKING,4,4,4036.54
0,4036.54,2,WORKING,2,4,4036.54
0,4038.99,10,STARVED,0,0,4038.99
0,4038.99,11,WORKING,0,0,4038.99
0,4047.76,9,STARVED,0,0,4047.76
0,4047.76,10,WORKING,0,0,4047.76
0,4057.5,1,WORKING,1,3,4057.5
0,4063.7,8,STARVED,0,0,4063.7
0,4063.7,9,WORKING,0,0,4063.7
0,4077.16,7,STARVED,0,0,4077.16
0,4077.16,8,WORKING,0,0,4077.16
0,4082.3,0,WORKING,3,2,4082.3
0,4082.55,11,STARVED,0,0,4082.55
0,4089.09,5,BLOCKED,4,4,4089.09
0,4089.78,2,BLOCKED,3,4,4089.78
0,4089.82,10,STARVED,0,0,4089.82
0,4089.82,11,WORKING,0,0,4089.82
0,4091.21,7,WORKING,0,0,4091.21
0,4091.21,6,WORKING,4,0,4091.21
0,4091.21,5,WORKING,3,4,4091.21
0,4093.46,3,BLOCKED,4,4,4093.46
0,4095.97,4,WORKING,4,4,4095.97
0,4095.97,3,WORKING,4,4,4095.97
0,4095.97,2,WORKING,2,4,4095.97
0,4104.57,9,STARVED,0,0,4104.57
0,4104.57,10,WORKING,0,0,4104.57
0,4107.72,1,WORKING,1,3,4107.72
0,4131.0,2,BLOCKED,3,4,4131.0
0,4131.02,11,STARVED,0,0,4131.02
0,4133.77,8,STARVED,0,0,4133.77
0,4133.77,9,WORKING,0,0,4133.77
0,4134.96,7,STARVED,0,0,4134.96
0,4134.96,8,WORKING,0,0,4134.96
0,4144.01,0,WORKING,3,2,4144.01
0,4145.31,3,BLOCKED,4,4,4145.31
0,4145.78,1,WORKING,1,4,4145.78
0,4152.36,4,BLOCKED,4,4,4152.36
0,4154.67,10,STARVED,0,0,4154.67
0,4154.67,11,WORKING,0,0,4154.67
0,4155.82,5,BLOCKED,4,4,4155.82
0,4166.71,7,WORKING,0,0,4166.71
0,4166.71,6,WORKING,4,0,4166.71
0,4166.71,5,WORKING,4,4,4166.71
0,4166.71,4,WORKING,4,4,4166.71
0,4166.71,3,WORKING,4,4,4166.71
0,4166.71,2,WORKING,3,4,4166.71
0,4177.32,8,STARVED,0,1,4177.32
0,4189.69,0,WORKING,3,2,4189.69
0,4199.14,10,WORKING,0,0,4199.14
0,4199.14,9,WORKING,0,0,4199.14
0,4200.14,11,STARVED,0,0,4200.14
0,4202.57,1,WORKING,1,4,4202.57
0,4208.08,3,BLOCKED,4,4,4208.08
0,4208.52,5,BLOCKED,4,4,4208.52
0,4213.57,4,BLOCKED,4,4,4213.57
0,4215.25,2,BLOCKED,4,4,4215.25
0,4219.06,7,STARVED,0,0,4219.06
0,4219.06,8,WORKING,0,0,4219.06
0,4237.53,7,WORKING,0,0,4237.53
0,4237.53,6,WORKING,4,0,4237.53
0,4237.53,5,WORKING,4,4,4237.53
0,4237.53,4,WORKING,4,4,4237.53
0,4237.53,3,WORKING,4,4,4237.53
0,4237.53,2,WORKING,3,4,4237.53
0,4244.95,0,WORKING,3,2,4244.95
0,4247.95,10,STARVED,0,0,4247.95
0,4247.95,11,WORKING,0,0,4247.95
0,4248.86,9,STARVED,0,0,4248.86
0,4248.86,10,WORKING,0,0,4248.86
0,4262.05,1,WORKING,1,4,4262.05
0,4269.98,8,STARVED,0,0,4269.98
0,4269.98,9,WORKING,0,0,4269.98
0,4283.59,4,BLOCKED,4,4,4283.59
0,4283.76,5,BLOCKED,4,4,4283.76
0,4286.08,3,BLOCKED,4,4,4286.08
0,4291.57,7,STARVED,0,0,4291.57
0,4291.57,8,WORKING,0,0,4291.57
0,4291.61,2,BLOCKED,4,4,4291.61
0,4294.13,11,STARVED,0,0,4294.13
0,4294.48,0,WORKING,3,2,4294.48
0,4296.19,7,WORKING,0,0,4296.19
0,4296.19,6,WORKING,4,0,4296.19
0,4296.19,5,WORKING,4,4,4296.19
0,4296.19,4,WORKING,4,4,4296.19
0,4296.19,3,WORKING,4,4,4296.19
0,4296.19,2,WORKING,3,4,4296.19
0,4299.87,10,STARVED,0,0,4299.87
0,4299.87,11,WORKING,0,0,4299.87
0,4319.86,1,WORKING,1,4,4319.86
0,4320.82,9,STARVED,0,0,4320.82
0,4320.82,10,WORKING,0,0,4320.82
0,4340.24,3,BLOCKED,4,4,4340.24
0,4340.68,0,WORKING,3,2,4340.68
0,4344.48,8,STARVED,0,0,4344.48
0,4344.48,9,WORKING,0,0,4344.48
0,4347.35,7,STARVED,0,0,4347.35
0,4347.35,8,WORKING,0,0,4347.35
0,4349.81,11,STARVED,0,0,4349.81
0,4353.49,2,BLOCKED,4,4,4353.49
0,4366.36,5,BLOCKED,4,4,4366.36
0,4366.86,1,BLOCKED,2,4,4366.86
0,4372.09,4,BLOCKED,4,4,4372.09
0,4379.1,10,STARVED,0,0,4379.1
0,4379.1,11,WORKING,0,0,4379.1
0,4380.89,0,WORKING,3,3,4380.89
0,4382.88,7,WORKING,0,0,4382.88
0,4382.88,6,WORKING,4,0,4382.88
0,4382.88,5,WORKING,4,4,4382.88
0,4382.88,4,WORKING,4,4,4382.88
0,4382.88,3,WORKING,4,4,4382.88
0,4382.88,2,WORKING,4,4,4382.88
0,4382.88,1,WORKING,2,4,4382.88
0,4391.29,9,STARVED,0,0,4391.29
0,4391.29,10,WORKING,0,0,4391.29
0,4395.84,8,STARVED,0,0,4395.84
0,4395.84,9,WORKING,0,0,4395.84
0,4419.72,7,STARVED,0,0,4419.72
0,4419.72,8,WORKING,0,0,4419.72
0,4421.65,1,BLOCKED,2,4,4421.65
0,4423.94,5,BLOCKED,4,4,4423.94
0,4425.13,3,BLOCKED,4,4,4425.13
0,4429.89,0,WORKING,3,3,4429.89
0,4432.54,4,BLOCKED,4,4,4432.54
0,4434.42,2,BLOCKED,4,4,4434.42
0,4437.77,11,STARVED,0,0,4437.77
0,4451.19,9,STARVED,0,1,4451.19
0,4451.35,11,WORKING,0,0,4451.35
0,4451.35,10,WORKING,0,0,4451.35
0,4466.4,7,WORKING,0,0,4466.4
0,4466.4,6,WORKING,4,0,4466.4
0,4466.4,5,WORKING,4,4,4466.4
0,4466.4,4,WORKING,4,4,4466.4
0,4466.4,3,WORKING,4,4,4466.4
0,4466.4,2,WORKING,4,4,4466.4
0,4466.4,1,WORKING,2,4,4466.4
0,4466.61,8,STARVED,0,0,4466.61
0,4466.61,9,WORKING,0,0,4466.61
0,4481.52,0,WORKING,3,3,4481.52
0,4498.58,11,STARVED,0,0,4498.58
0,4500.91,2,BLOCKED,4,4,4500.91
0,4509.36,9,STARVED,0,1,4509.36
0,4509.87,11,WORKING,0,0,4509.87
0,4509.87,10,WORKING,0,0,4509.87
0,4511.35,1,BLOCKED,3,4,4511.35
0,4513.51,3,BLOCKED,4,4,4513.51
0,4517.96,5,BLOCKED,4,4,4517.96
0,4520.55,7,STARVED,0,0,4520.55
0,4520.55,8,WORKING,0,0,4520.55
0,4521.6,4,BLOCKED,4,4,4521.6
0,4541.8,0,WORKING,3,4,4541.8
0,4546.23,7,WORKING,0,0,4546.23
0,4546.23,6,WORKING,4,0,4546.23
0,4546.23,5,WORKING,4,4,4546.23
0,4546.23,4,WORKING,4,4,4546.23
0,4546.23,3,WORKING,4,4,4546.23
0,4546.23,2,WORKING,4,4,4546.23
0,4546.23,1,WORKING,3,4,4546.23
0,4550.58,11,STARVED,0,0,4550.58
0,4563.28,8,STARVED,0,0,4563.28
0,4563.28,9,WORKING,0,0,4563.28
0,4570.11,10,STARVED,0,0,4570.11
0,4570.11,11,WORKING,0,0,4570.11
0,4586.4,3,BLOCKED,4,4,4586.4
0,4590.58,1,BLOCKED,3,4,4590.58
0,4594.78,5,BLOCKED,4,4,4594.78
0,4595.09,4,BLOCKED,4,4,4595.09
0,4596.23,7,STARVED,0,0,4596.23
0,4596.23,8,WORKING,0,0,4596.23
0,4597.88,2,BLOCKED,4,4,4597.88
0,4602.79,0,WORKING,3,4,4602.79
0,4605.96,7,WORKING,0,0,4605.96
0,4605.96,6,WORKING,4,0,4605.96
0,4605.96,5,WORKING,4,4,4605.96
0,4605.96,4,WORKING,4,4,4605.96
0,4605.96,3,WORKING,4,4,4605.96
0,4605.96,2,WORKING,4,4,4605.96
0,4605.96,1,WORKING,3,4,4605.96
0,4610.23,11,STARVED,0,0,4610.23
0,4615.19,9,STARVED,0,0,4615.19
0,4615.19,10,WORKING,0,0,4615.19
0,4636.43,8,STARVED,0,0,4636.43
0,4636.43,9,WORKING,0,0,4636.43
0,4639.24,3,BLOCKED,4,4,4639.24
0,4644.39,0,WORKING,3,4,4644.39
0,4651.7,7,STARVED,0,0,4651.7
0,4651.7,8,WORKING,0,0,4651.7
0,4652.09,1,BLOCKED,4,4,4652.09
0,4652.67,5,BLOCKED,4,4,4652.67
0,4655.42,2,BLOCKED,4,4,4655.42
0,4664.56,4,BLOCKED,4,4,4664.56
0,4679.52,7,WORKING,0,0,4679.52
0,4679.52,6,WORKING,4,0,4679.52
0,4679.52,5,WORKING,4,4,4679.52
0,4679.52,4,WORKING,4,4,4679.52
0,4679.52,3,WORKING,4,4,4679.52
0,4679.52,2,WORKING,4,4,4679.52
0,4679.52,1,WORKING,3,4,4679.52
0,4679.73,10,STARVED,0,0,4679.73
0,4679.73,11,WORKING,0,0,4679.73
0,4686.0,9,STARVED,0,0,4686.0
0,4686.0,10,WORKING,0,0,4686.0
0,4699.19,0,WORKING,3,4,4699.19
0,4711.31,8,STARVED,0,0,4711.31
0,4711.31,9,WORKING,0,0,4711.31
0,4721.48,3,BLOCKED,4,4,4721.48
0,4723.3,2,BLOCKED,4,4,4723.3
0,4729.89,7,STARVED,0,0,4729.89
0,4729.89,8,WORKING,0,0,4729.89
0,4730.59,5,BLOCKED,4,4,4730.59
0,4733.36,4,BLOCKED,4,4,4733.36
0,4734.41,11,STARVED,0,0,4734.41
0,4735.39,10,STARVED,0,0,4735.39
0,4735.39,11,WORKING,0,0,4735.39
0,4735.98,1,BLOCKED,4,4,4735.98
0,4743.02,7,WORKING,0,0,4743.02
0,4743.02,6,WORKING,4,0,4743.02
0,4743.02,5,WORKING,4,4,4743.02
0,4743.02,4,WORKING,4,4,4743.02
0,4743.02,3,WORKING,4,4,4743.02
0,4743.02,2,WORKING,4,4,4743.02
0,4743.02,1,WORKING,3,4,4743.02
0,4751.6,9,STARVED,0,0,4751.6
0,4751.6,10,WORKING,0,0,4751.6
0,4754.47,0,WORKING,3,4,4754.47
0,4780.6,8,STARVED,0,0,4780.6
0,4780.6,9,WORKING,0,0,4780.6
0,4782.5,7,STARVED,0,0,4782.5
0,4782.5,8,WORKING,0,0,4782.5
0,4784.55,11,STARVED,0,0,4784.55
0,4787.68,3,BLOCKED,4,4,4787.68
0,4795.59,1,BLOCKED,4,4,4795.59
0,4795.85,2,BLOCKED,4,4,4795.85
0,4799.93,5,BLOCKED,4,4,4799.93
0,4806.46,0,BLOCKED,4,4,4806.46
0,4810.73,4,BLOCKED,4,4,4810.73
0,4819.95,10,STARVED,0,0,4819.95
0,4819.95,11,WORKING,0,0,4819.95
0,4835.88,9,STARVED,0,0,4835.88
0,4835.88,10,WORKING,0,0,4835.88
0,4838.02,7,WORKING,0,0,4838.02
0,4838.02,6,WORKING,4,0,4838.02
0,4838.02,5,WORKING,4,4,4838.02
0,4838.02,4,WORKING,4,4,4838.02
0,4838.02,3,WORKING,4,4,4838.02
0,4838.02,2,WORKING,4,4,4838.02
0,4838.02,1,WORKING,4,4,4838.02
0,4838.02,0,WORKING,3,4,4838.02
0,4842.62,8,STARVED,0,0,4842.62
0,4842.62,9,WORKING,0,0,4842.62
0,4866.19,11,STARVED,0,0,4866.19
0,4875.5,1,BLOCKED,4,4,4875.5
0,4879.64,7,STARVED,0,0,4879.64
0,4879.64,8,WORKING,0,0,4879.64
0,4882.76,0,BLOCKED,4,4,4882.76
0,4886.08,10,STARVED,0,0,4886.08
0,4886.08,11,WORKING,0,0,4886.08
0,4887.01,2,BLOCKED,4,4,4887.01
0,4888.96,5,BLOCKED,4,4,4888.96
0,4891.99,3,BLOCKED,4,4,4891.99
0,4912.47,4,BLOCKED,4,4,4912.47
0,4913.98,9,STARVED,0,0,4913.98
0,4913.98,10,WORKING,0,0,4913.98
0,4920.09,7,WORKING,0,0,4920.09
0,4920.09,6,WORKING,4,0,4920.09
0,4920.09,5,WORKING,4,4,4920.09
0,4920.09,4,WORKING,4,4,4920.09
0,4920.09,3,WORKING,4,4,4920.09
0,4920.09,2,WORKING,4,4,4920.09
0,4920.09,1,WORKING,4,4,4920.09
0,4920.09,0,WORKING,3,4,4920.09
0,4931.96,8,STARVED,0,0,4931.96
0,4931.96,9,WORKING,0,0,4931.96
0,4938.51,11,STARVED,0,0,4938.51
0,4950.89,5,BLOCKED,4,4,4950.89
0,4958.26,2,BLOCKED,4,4,4958.26
0,4959.1,4,BLOCKED,4,4,4959.1
0,4960.85,10,STARVED,0,0,4960.85
0,4960.85,11,WORKING,0,0,4960.85
0,4960.89,3,BLOCKED,4,4,4960.89
0,4970.72,0,BLOCKED,4,4,4970.72
0,4973.58,7,STARVED,0,0,4973.58
0,4973.58,8,WORKING,0,0,4973.58
0,4975.75,1,BLOCKED,4,4,4975.75
0,4984.61,9,STARVED,0,0,4984.61
0,4984.61,10,WORKING,0,0,4984.61
0,5003.32,7,WORKING,0,0,5003.32
0,5003.32,6,WORKING,4,0,5003.32
0,5003.32,5,WORKING,4,4,5003.32
0,5003.32,4,WORKING,4,4,5003.32
0,5003.32,3,WORKING,4,4,5003.32
0,5003.32,2,WORKING,4,4,5003.32
0,5003.32,1,WORKING,4,4,5003.32
0,5003.32,0,WORKING,3,4,5003.32
0,5004.83,11,STARVED,0,0,5004.83
0,5017.01,8,STARVED,0,0,5017.01
0,5017.01,9,WORKING,0,0,5017.01
0,5030.73,3,BLOCKED,4,4,5030.73
0,5035.79,10,STARVED,0,0,5035.79
0,5035.79,11,WORKING,0,0,5035.79
0,5047.44,2,BLOCKED,4,4,5047.44
0,5047.56,6,WORKING,3,1,5047.56
0,5049.01,1,BLOCKED,4,4,5049.01
0,5051.52,4,BLOCKED,4,4,5051.52
0,5051.62,0,BLOCKED,4,4,5051.62
0,5055.69,8,WORKING,0,0,5055.69
0,5055.69,7,WORKING,0,0,5055.69
0,5057.92,9,STARVED,0,0,5057.92
0,5057.92,10,WORKING,0,0,5057.92
0,5067.99,5,WORKING,4,4,5067.99
0,5067.99,4,WORKING,4,4,5067.99
0,5067.99,3,WORKING,4,4,5067.99
0,5067.99,2,WORKING,4,4,5067.99
0,5067.99,1,WORKING,4,4,5067.99
0,5067.99,0,WORKING,3,4,5067.99
0,5081.45,11,STARVED,0,0,5081.45
0,5108.41,7,STARVED,0,1,5108.41
0,5108.9,2,BLOCKED,4,4,5108.9
0,5111.32,3,BLOCKED,4,4,5111.32
0,5114.41,9,WORKING,0,0,5114.41
0,5114.41,8,WORKING,0,0,5114.41
0,5115.46,0,BLOCKED,4,4,5115.46
0,5120.07,10,STARVED,0,0,5120.07
0,5120.07,11,WORKING,0,0,5120.07
0,5121.59,5,BLOCKED,4,4,5121.59
0,5123.23,4,BLOCKED,4,4,5123.23
0,5124.29,1,BLOCKED,4,4,5124.29
0,5129.71,7,WORKING,0,0,5129.71
0,5129.71,6,WORKING,4,0,5129.71
0,5129.71,5,WORKING,4,4,5129.71
0,5129.71,4,WORKING,4,4,5129.71
0,5129.71,3,WORKING,4,4,5129.71
0,5129.71,2,WORKING,4,4,5129.71
0,5129.71,1,WORKING,4,4,5129.71
0,5129.71,0,WORKING,3,4,5129.71
0,5158.24,8,STARVED,0,1,5158.24
0,5164.35,10,WORKING,0,0,5164.35
0,5164.35,9,WORKING,0,0,5164.35
0,5166.77,4,BLOCKED,4,4,5166.77
0,5167.69,5,BLOCKED,4,4,5167.69
0,5171.77,11,STARVED,0,0,5171.77
0,5177.99,3,BLOCKED,4,4,5177.99
0,5179.38,1,BLOCKED,4,4,5179.38
0,5183.47,7,STARVED,0,0,5183.47
0,5183.47,8,WORKING,0,0,5183.47
0,5184.43,0,BLOCKED,4,4,5184.43
0,5187.37,2,BLOCKED,4,4,5187.37
0,5205.64,9,STARVED,0,1,5205.64
0,5216.1,7,WORKING,0,0,5216.1
0,5216.1,6,WORKING,4,0,5216.1
0,5216.1,5,WORKING,4,4,5216.1
0,5216.1,4,WORKING,4,4,5216.1
0,5216.1,3,WORKING,4,4,5216.1
0,5216.1,2,WORKING,4,4,5216.1
0,5216.1,1,WORKING,4,4,5216.1
0,5216.1,0,WORKING,3,4,5216.1
0,5216.45,11,WORKING,0,0,5216.45
0,5216.45,10,WORKING,0,0,5216.45
0,5238.97,8,STARVED,0,0,5238.97
0,5238.97,9,WORKING,0,0,5238.97
0,5251.32,2,BLOCKED,4,4,5251.32
0,5257.71,3,BLOCKED,4,4,5257.71
0,5257.82,7,STARVED,0,0,5257.82
0,5257.82,8,WORKING,0,0,5257.82
0,5261.35,1,BLOCKED,4,4,5261.35
0,5262.55,0,BLOCKED,4,4,5262.55
0,5267.17,11,STARVED,0,0,5267.17
0,5269.01,5,BLOCKED,4,4,5269.01
0,5279.1,4,BLOCKED,4,4,5279.1
0,5289.05,10,STARVED,0,0,5289.05
0,5289.05,11,WORKING,0,0,5289.05
0,5290.88,7,WORKING,0,0,5290.88
0,5290.88,6,WORKING,4,0,5290.88
0,5290.88,5,WORKING,4,4,5290.88
0,5290.88,4,WORKING,4,4,5290.88
0,5290.88,3,WORKING,4,4,5290.88
0,5290.88,2,WORKING,4,4,5290.88
0,5290.88,1,WORKING,4,4,5290.88
0,5290.88,0,WORKING,3,4,5290.88
0,5293.34,8,STARVED,0,1,5293.34
0,5307.3,10,WORKING,0,0,5307.3
0,5307.3,9,WORKING,0,0,5307.3
0,5334.65,3,BLOCKED,4,4,5334.65
0,5334.81,11,STARVED,0,0,5334.81
0,5338.44,7,STARVED,0,0,5338.44
0,5338.44,8,WORKING,0,0,5338.44
0,5341.29,2,BLOCKED,4,4,5341.29
0,5346.93,0,BLOCKED,4,4,5346.93
0,5347.69,1,BLOCKED,4,4,5347.69
0,5351.32,5,BLOCKED,4,4,5351.32
0,5361.43,4,BLOCKED,4,4,5361.43
0,5365.69,9,STARVED,0,1,5365.69
0,5368.28,11,WORKING,0,0,5368.28
0,5368.28,10,WORKING,0,0,5368.28
0,5378.0,7,WORKING,0,0,5378.0
0,5378.0,6,WORKING,4,0,5378.0
0,5378.0,5,WORKING,4,4,5378.0
0,5378.0,4,WORKING,4,4,5378.0
0,5378.0,3,WORKING,4,4,5378.0
0,5378.0,2,WORKING,4,4,5378.0
0,5378.0,1,WORKING,4,4,5378.0
0,5378.0,0,WORKING,3,4,5378.0
0,5389.37,8,STARVED,0,0,5389.37
0,5389.37,9,WORKING,0,0,5389.37
0,5421.84,11,STARVED,0,0,5421.84
0,5424.4,7,STARVED,0,0,5424.4
0,5424.4,8,WORKING,0,0,5424.4
0,5425.19,5,BLOCKED,4,4,5425.19
0,5426.72,10,STARVED,0,0,5426.72
0,5426.72,11,WORKING,0,0,5426.72
0,5428.94,3,BLOCKED,4,4,5428.94
0,5429.57,9,STARVED,0,0,5429.57
0,5429.57,10,WORKING,0,0,5429.57
0,5430.26,0,BLOCKED,4,4,5430.26
0,5430.72,2,BLOCKED,4,4,5430.72
0,5438.14,4,BLOCKED,4,4,5438.14
0,5439.04,7,WORKING,0,0,5439.04
0,5439.04,6,WORKING,4,0,5439.04
0,5439.04,5,WORKING,4,4,5439.04
0,5439.04,4,WORKING,4,4,5439.04
0,5439.04,3,WORKING,4,4,5439.04
0,5439.04,2,WORKING,3,4,5439.04
0,5446.22,1,WORKING,4,4,5446.22
0,5446.22,0,WORKING,3,4,5446.22
0,5470.56,3,BLOCKED,4,4,5470.56
0,5474.08,7,STARVED,0,1,5474.08
0,5476.32,9,WORKING,0,0,5476.32
0,5476.32,8,WORKING,0,0,5476.32
0,5480.57,11,STARVED,0,0,5480.57
0,5483.78,10,STARVED,0,0,5483.78
0,5483.78,11,WORKING,0,0,5483.78
0,5487.97,1,BLOCKED,4,4,5487.97
0,5488.18,2,BLOCKED,4,4,5488.18
0,5493.86,5,BLOCKED,4,4,5493.86
0,5502.02,4,BLOCKED,4,4,5502.02
0,5503.02,0,BLOCKED,4,4,5503.02
0,5517.96,7,WORKING,0,0,5517.96
0,5517.96,6,WORKING,4,0,5517.96
0,5517.96,5,WORKING,4,4,5517.96
0,5517.96,4,WORKING,4,4,5517.96
0,5517.96,3,WORKING,4,4,5517.96
0,5517.96,2,WORKING,4,4,5517.96
0,5517.96,1,WORKING,4,4,5517.96
0,5517.96,0,WORKING,3,4,5517.96
0,5524.71,11,STARVED,0,0,5524.71
0,5527.53,8,STARVED,0,1,5527.53
0,5536.55,10,WORKING,0,0,5536.55
0,5536.55,9,WORKING,0,0,5536.55
0,5561.89,2,BLOCKED,4,4,5561.89
0,5561.91,0,BLOCKED,4,4,5561.91
0,5562.08,1,BLOCKED,4,4,5562.08
0,5565.61,5,BLOCKED,4,4,5565.61
0,5565.65,7,STARVED,0,0,5565.65
0,5565.65,8,WORKING,0,0,5565.65
0,5573.08,3,BLOCKED,4,4,5573.08
0,5576.35,9,STARVED,0,1,5576.35
0,5577.37,11,WORKING,0,0,5577.37
0,5577.37,10,WORKING,0,0,5577.37
0,5584.74,4,BLOCKED,4,4,5584.74
0,5594.87,7,WORKING,0,0,5594.87
0,5594.87,6,WORKING,4,0,5594.87
0,5594.87,5,WORKING,4,4,5594.87
0,5594.87,4,WORKING,4,4,5594.87
0,5594.87,3,WORKING,4,4,5594.87
0,5594.87,2,WORKING,4,4,5594.87
0,5594.87,1,WORKING,4,4,5594.87
0,5594.87,0,WORKING,3,4,5594.87
0,5616.87,8,STARVED,0,0,5616.87
0,5616.87,9,WORKING,0,0,5616.87
0,5622.3,10,STARVED,0,1,5622.3
0,5636.11,7,STARVED,0,0,5636.11
0,5636.11,8,WORKING,0,0,5636.11
0,5637.6,0,BLOCKED,4,4,5637.6
0,5638.24,11,WORKING,0,0,5638.24
0,5639.74,5,BLOCKED,4,4,5639.74
0,5642.37,3,BLOCKED,4,4,5642.37
0,5646.91,2,BLOCKED,4,4,5646.91
0,5654.86,1,BLOCKED,4,4,5654.86
0,5657.2,4,BLOCKED,4,4,5657.2
0,5662.02,9,STARVED,0,0,5662.02
0,5662.02,10,WORKING,0,0,5662.02
0,5664.78,7,WORKING,0,0,5664.78
0,5664.78,6,WORKING,4,0,5664.78
0,5664.78,5,WORKING,4,4,5664.78
0,5664.78,4,WORKING,4,4,5664.78
0,5664.78,3,WORKING,4,4,5664.78
0,5664.78,2,WORKING,4,4,5664.78
0,5664.78,1,WORKING,4,4,5664.78
0,5664.78,0,WORKING,3,4,5664.78
0,5686.28,8,STARVED,0,0,5686.28
0,5686.28,9,WORKING,0,0,5686.28
0,5695.29,11,STARVED,0,0,5695.29
0,5701.83,3,BLOCKED,4,4,5701.83
0,5705.28,4,BLOCKED,4,4,5705.28
0,5711.95,7,STARVED,0,0,5711.95
0,5711.95,8,WORKING,0,0,5711.95
0,5713.65,2,BLOCKED,4,4,5713.65
0,5717.11,1,BLOCKED,4,4,5717.11
0,5719.9,0,BLOCKED,4,4,5719.9
0,5721.31,5,BLOCKED,4,4,5721.31
0,5723.8,10,STARVED,0,0,5723.8
0,5723.8,11,WORKING,0,0,5723.8
0,5727.8,9,STARVED,0,0,5727.8
0,5727.8,10,WORKING,0,0,5727.8
0,5735.55,7,WORKING,0,0,5735.55
0,5735.55,6,WORKING,4,0,5735.55
0,5735.55,5,WORKING,4,4,5735.55
0,5735.55,4,WORKING,4,4,5735.55
0,5735.55,3,WORKING,4,4,5735.55
0,5735.55,2,WORKING,4,4,5735.55
0,5735.55,1,WORKING,4,4,5735.55
0,5735.55,0,WORKING,3,4,5735.55
0,5764.49,8,STARVED,0,0,5764.49
0,5764.49,9,WORKING,0,0,5764.49
0,5774.2,1,BLOCKED,4,4,5774.2
0,5775.49,5,BLOCKED,4,4,5775.49
0,5776.87,10,STARVED,0,1,5776.87
0,5777.32,7,STARVED,0,0,5777.32
0,5777.32,8,WORKING,0,0,5777.32
0,5783.38,0,BLOCKED,4,4,5783.38
0,5788.65,3,BLOCKED,4,4,5788.65
0,5791.49,2,BLOCKED,4,4,5791.49
0,5791.97,4,BLOCKED,4,4,5791.97
0,5794.06,11,WORKING,0,0,5794.06
0,5807.45,7,WORKING,0,0,5807.45
0,5807.45,6,WORKING,4,0,5807.45
0,5807.45,5,WORKING,4,4,5807.45
0,5807.45,4,WORKING,4,4,5807.45
0,5807.45,3,WORKING,4,4,5807.45
0,5807.45,2,WORKING,4,4,5807.45
0,5807.45,1,WORKING,4,4,5807.45
0,5807.45,0,WORKING,3,4,5807.45
0,5818.15,9,STARVED,0,0,5818.15
0,5818.15,10,WORKING,0,0,5818.15
0,5820.16,8,STARVED,0,0,5820.16
0,5820.16,9,WORKING,0,0,5820.16
0,5837.2,1,BLOCKED,4,4,5837.2
0,5844.5,3,BLOCKED,4,4,5844.5
0,5849.91,5,BLOCKED,4,4,5849.91
0,5857.45,2,BLOCKED,4,4,5857.45
0,5860.95,0,BLOCKED,4,4,5860.95
0,5862.63,7,STARVED,0,0,5862.63
0,5862.63,8,WORKING,0,0,5862.63
0,5864.17,11,STARVED,0,0,5864.17
0,5864.55,9,STARVED,0,1,5864.55
0,5866.73,4,BLOCKED,4,4,5866.73
0,5878.39,11,WORKING,0,0,5878.39
0,5878.39,10,WORKING,0,0,5878.39
0,5882.32,7,WORKING,0,0,5882.32
0,5882.32,6,WORKING,4,0,5882.32
0,5882.32,5,WORKING,4,4,5882.32
0,5882.32,4,WORKING,4,4,5882.32
0,5882.32,3,WORKING,4,4,5882.32
0,5882.32,2,WORKING,4,4,5882.32
0,5882.32,1,WORKING,4,4,5882.32
0,5882.32,0,WORKING,3,4,5882.32
0,5918.3,8,STARVED,0,0,5918.3
0,5918.3,9,WORKING,0,0,5918.3
0,5926.31,10,STARVED,0,1,5926.31
0,5929.67,7,STARVED,0,0,5929.67
0,5929.67,8,WORKING,0,0,5929.67
0,5933.01,2,BLOCKED,4,4,5933.01
0,5933.9,3,BLOCKED,4,4,5933.9
0,5934.21,1,BLOCKED,4,4,5934.21
0,5935.69,11,WORKING,0,0,5935.69
0,5937.61,5,BLOCKED,4,4,5937.61
0,5939.94,4,BLOCKED,4,4,5939.94
0,5942.76,0,BLOCKED,4,4,5942.76
0,5952.39,7,WORKING,0,0,5952.39
0,5952.39,6,WORKING,4,0,5952.39
0,5952.39,5,WORKING,4,4,5952.39
0,5952.39,4,WORKING,4,4,5952.39
0,5952.39,3,WORKING,4,4,5952.39
0,5952.39,2,WORKING,4,4,5952.39
0,5952.39,1,WORKING,4,4,5952.39
0,5952.39,0,WORKING,3,4,5952.39
0,5955.29,9,STARVED,0,0,5955.29
0,5955.29,10,WORKING,0,0,5955.29
0,5977.22,8,STARVED,0,0,5977.22
0,5977.22,9,WORKING,0,0,5977.22
0,5990.05,7,STARVED,0,0,5990.05
0,5990.05,8,WORKING,0,0,5990.05
0,5990.86,3,BLOCKED,4,4,5990.86
0,5992.14,11,STARVED,0,0,5992.14
0,5992.43,2,BLOCKED,4,4,5992.43
0,5999.57,10,STARVED,0,0,5999.57
0,5999.57,11,WORKING,0,0,5999.57
0,6003.82,0,BLOCKED,4,4,6003.82
0,6007.36,4,BLOCKED,4,4,6007.36
0,6010.06,1,BLOCKED,4,4,6010.06
0,6014.17,5,BLOCKED,4,4,6014.17
0,6029.33,9,STARVED,0,0,6029.33
0,6029.33,10,WORKING,0,0,6029.33
0,6035.3,8,STARVED,0,0,6035.3
0,6035.3,9,WORKING,0,0,6035.3
0,6044.7,7,WORKING,0,0,6044.7
0,6044.7,6,WORKING,4,0,6044.7
0,6044.7,5,WORKING,4,4,6044.7
0,6044.7,4,WORKING,4,4,6044.7
0,6044.7,3,WORKING,4,4,6044.7
0,6044.7,2,WORKING,4,4,6044.7
0,6044.7,1,WORKING,4,4,6044.7
0,6044.7,0,WORKING,3,4,6044.7
0,6050.08,11,STARVED,0,0,6050.08
0,6080.42,10,STARVED,0,0,6080.42
0,6080.42,11,WORKING,0,0,6080.42
0,6081.3,9,STARVED,0,0,6081.3
0,6081.3,10,WORKING,0,0,6081.3
0,6083.65,7,STARVED,0,0,6083.65
0,6083.65,8,WORKING,0,0,6083.65
0,6083.97,5,BLOCKED,4,4,6083.97
0,6093.06,0,BLOCKED,4,4,6093.06
0,6095.17,2,BLOCKED,4,4,6095.17
0,6101.51,1,BLOCKED,4,4,6101.51
0,6103.43,7,WORKING,0,0,6103.43
0,6103.43,6,WORKING,4,0,6103.43
0,6103.43,5,WORKING,3,4,6103.43
0,6104.26,3,BLOCKED,4,4,6104.26
0,6105.59,4,WORKING,4,4,6105.59
0,6105.59,3,WORKING,4,4,6105.59
0,6105.59,2,WORKING,4,4,6105.59
0,6105.59,1,WORKING,4,4,6105.59
0,6105.59,0,WORKING,3,4,6105.59
0,6119.38,11,STARVED,0,0,6119.38
0,6123.37,10,STARVED,0,0,6123.37
0,6123.37,11,WORKING,0,0,6123.37
0,6135.71,8,STARVED,0,0,6135.71
0,6135.71,9,WORKING,0,0,6135.71
0,6152.48,0,BLOCKED,4,4,6152.48
0,6153.35,3,BLOCKED,4,4,6153.35
0,6154.79,7,STARVED,0,0,6154.79
0,6154.79,8,WORKING,0,0,6154.79
0,6156.81,5,BLOCKED,4,4,6156.81
0,6163.69,1,BLOCKED,4,4,6163.69
0,6168.55,11,STARVED,0,0,6168.55
0,6169.11,2,BLOCKED,4,4,6169.11
0,6175.49,7,WORKING,0,0,6175.49
0,6175.49,6,WORKING,4,0,6175.49
0,6175.49,5,WORKING,3,4,6175.49
0,6179.87,4,WORKING,4,4,6179.87
0,6179.87,3,WORKING,4,4,6179.87
0,6179.87,2,WORKING,4,4,6179.87
0,6179.87,1,WORKING,4,4,6179.87
0,6179.87,0,WORKING,3,4,6179.87
0,6188.69,9,STARVED,0,0,6188.69
0,6188.69,10,WORKING,0,0,6188.69
0,6197.98,8,STARVED,0,0,6197.98
0,6197.98,9,WORKING,0,0,6197.98
0,6223.01,0,BLOCKED,4,4,6223.01
0,6225.08,2,BLOCKED,4,4,6225.08
0,6228.1,3,BLOCKED,4,4,6228.1
0,6229.31,5,BLOCKED,4,4,6229.31
0,6229.92,1,BLOCKED,4,4,6229.92
0,6235.18,7,STARVED,0,0,6235.18
0,6235.18,8,WORKING,0,0,6235.18
0,6244.27,10,STARVED,0,0,6244.27
0,6244.27,11,WORKING,0,0,6244.27
0,6245.26,9,STARVED,0,0,6245.26
0,6245.26,10,WORKING,0,0,6245.26
0,6245.32,7,WORKING,0,0,6245.32
0,6245.32,6,WORKING,4,0,6245.32
0,6245.32,5,WORKING,3,4,6245.32
0,6250.3,4,WORKING,4,4,6250.3
0,6250.3,3,WORKING,4,4,6250.3
0,6250.3,2,WORKING,4,4,6250.3
0,6250.3,1,WORKING,4,4,6250.3
0,6250.3,0,WORKING,3,4,6250.3
0,6292.55,1,BLOCKED,4,4,6292.55
0,6293.98,8,STARVED,0,0,6293.98
0,6293.98,9,WORKING,0,0,6293.98
0,6295.86,7,STARVED,0,0,6295.86
0,6295.86,8,WORKING,0,0,6295.86
0,6296.51,0,BLOCKED,4,4,6296.51
0,6296.58,11,STARVED,0,0,6296.58
0,6302.12,3,BLOCKED,4,4,6302.12
0,6302.49,2,BLOCKED,4,4,6302.49
0,6302.82,10,STARVED,0,0,6302.82
0,6302.82,11,WORKING,0,0,6302.82
0,6312.57,5,BLOCKED,4,4,6312.57
0,6317.14,7,WORKING,0,0,6317.14
0,6317.14,6,WORKING,4,0,6317.14
0,6317.14,5,WORKING,3,4,6317.14
0,6321.21,4,WORKING,4,4,6321.21
0,6321.21,3,WORKING,4,4,6321.21
0,6321.21,2,WORKING,4,4,6321.21
0,6321.21,1,WORKING,4,4,6321.21
0,6321.21,0,WORKING,3,4,6321.21
0,6342.0,9,STARVED,0,0,6342.0
0,6342.0,10,WORKING,0,0,6342.0
0,6343.48,8,STARVED,0,0,6343.48
0,6343.48,9,WORKING,0,0,6343.48
0,6345.61,11,STARVED,0,0,6345.61
0,6359.37,7,STARVED,0,0,6359.37
0,6359.37,8,WORKING,0,0,6359.37
0,6361.2,1,BLOCKED,4,4,6361.2
0,6362.61,3,BLOCKED,4,4,6362.61
0,6362.97,5,BLOCKED,4,4,6362.97
0,6370.89,2,BLOCKED,4,4,6370.89
0,6381.75,4,BLOCKED,4,4,6381.75
0,6382.46,0,BLOCKED,4,4,6382.46
0,6384.82,7,WORKING,0,0,6384.82
0,6384.82,6,WORKING,4,0,6384.82
0,6384.82,5,WORKING,4,4,6384.82
0,6384.82,4,WORKING,4,4,6384.82
0,6384.82,3,WORKING,4,4,6384.82
0,6384.82,2,WORKING,4,4,6384.82
0,6384.82,1,WORKING,4,4,6384.82
0,6384.82,0,WORKING,3,4,6384.82
0,6385.99,9,STARVED,0,1,6385.99
0,6398.75,11,WORKING,0,0,6398.75
0,6398.75,10,WORKING,0,0,6398.75
0,6425.4,8,STARVED,0,0,6425.4
0,6425.4,9,WORKING,0,0,6425.4
0,6432.0,1,BLOCKED,4,4,6432.0
0,6433.3,2,BLOCKED,4,4,6433.3
0,6436.93,0,BLOCKED,4,4,6436.93
0,6439.09,7,STARVED,0,0,6439.09
0,6439.09,8,WORKING,0,0,6439.09
0,6440.95,4,BLOCKED,4,4,6440.95
0,6442.75,10,STARVED,0,1,6442.75
0,6444.56,3,BLOCKED,4,4,6444.56
0,6446.3,7,WORKING,0,0,6446.3
0,6446.3,6,WORKING,3,0,6446.3
0,6447.67,5,WORKING,4,4,6447.67
0,6447.67,4,WORKING,4,4,6447.67
0,6447.67,3,WORKING,4,4,6447.67
0,6447.67,2,WORKING,4,4,6447.67
0,6447.67,1,WORKING,4,4,6447.67
0,6447.67,0,WORKING,3,4,6447.67
0,6451.06,11,WORKING,0,0,6451.06
0,6482.03,8,STARVED,0,1,6482.03
0,6485.47,10,WORKING,0,0,6485.47
0,6485.47,9,WORKING,0,0,6485.47
0,6488.41,2,BLOCKED,4,4,6488.41
0,6488.43,0,BLOCKED,4,4,6488.43
0,6489.57,4,BLOCKED,4,4,6489.57
0,6491.33,3,BLOCKED,4,4,6491.33
0,6494.28,7,STARVED,0,0,6494.28
0,6494.28,8,WORKING,0,0,6494.28
0,6502.0,1,BLOCKED,4,4,6502.0
0,6502.55,5,BLOCKED,4,4,6502.55
0,6507.71,7,WORKING,0,0,6507.71
0,6507.71,6,WORKING,4,0,6507.71
0,6507.71,5,WORKING,4,4,6507.71
0,6507.71,4,WORKING,4,4,6507.71
0,6507.71,3,WORKING,4,4,6507.71
0,6507.71,2,WORKING,4,4,6507.71
0,6507.71,1,WORKING,4,4,6507.71
0,6507.71,0,WORKING,3,4,6507.71
0,6509.19,11,STARVED,0,0,6509.19
0,6533.13,9,STARVED,0,1,6533.13
0,6535.6,8,STARVED,0,0,6535.6
0,6535.6,9,WORKING,0,1,6535.6
0,6545.97,11,WORKING,0,0,6545.97
0,6545.97,10,WORKING,0,0,6545.97
0,6548.95,5,BLOCKED,4,4,6548.95
0,6550.16,3,BLOCKED,4,4,6550.16
0,6552.64,2,BLOCKED,4,4,6552.64
0,6558.32,7,STARVED,0,0,6558.32
0,6558.32,8,WORKING,0,0,6558.32
0,6560.07,4,BLOCKED,4,4,6560.07
0,6566.4,1,BLOCKED,4,4,6566.4
0,6566.45,7,WORKING,0,0,6566.45
0,6566.45,6,WORKING,4,0,6566.45
0,6566.45,5,WORKING,4,4,6566.45
0,6566.45,4,WORKING,4,4,6566.45
0,6566.45,3,WORKING,4,4,6566.45
0,6566.45,2,WORKING,4,4,6566.45
0,6566.45,1,WORKING,3,4,6566.45
0,6569.71,0,WORKING,3,4,6569.71
0,6575.16,9,STARVED,0,1,6575.16
0,6582.68,11,STARVED,0,0,6582.68
0,6606.34,3,BLOCKED,4,4,6606.34
0,6606.54,5,BLOCKED,4,4,6606.54
0,6607.17,11,WORKING,0,0,6607.17
0,6607.17,10,WORKING,0,0,6607.17
0,6610.15,1,BLOCKED,4,4,6610.15
0,6610.3,2,BLOCKED,4,4,6610.3
0,6610.42,8,STARVED,0,0,6610.42
0,6610.42,9,WORKING,0,0,6610.42
0,6613.66,7,STARVED,0,0,6613.66
0,6613.66,8,WORKING,0,0,6613.66
0,6616.44,0,BLOCKED,4,4,6616.44
0,6631.33,4,BLOCKED,4,4,6631.33
0,6636.69,7,WORKING,0,0,6636.69
0,6636.69,6,WORKING,4,0,6636.69
0,6636.69,5,WORKING,4,4,6636.69
0,6636.69,4,WORKING,4,4,6636.69
0,6636.69,3,WORKING,4,4,6636.69
0,6636.69,2,WORKING,4,4,6636.69
0,6636.69,1,WORKING,4,4,6636.69
0,6636.69,0,WORKING,3,4,6636.69
0,6643.99,9,STARVED,0,1,6643.99
0,6656.84,11,STARVED,0,0,6656.84
0,6667.1,8,STARVED,0,0,6667.1
0,6667.1,9,WORKING,0,1,6667.1
0,6669.73,11,WORKING,0,0,6669.73
0,6669.73,10,WORKING,0,0,6669.73
0,6675.18,0,BLOCKED,4,4,6675.18
0,6685.27,3,BLOCKED,4,4,6685.27
0,6685.41,2,BLOCKED,4,4,6685.41
0,6687.04,6,WORKING,3,1,6687.04
0,6688.28,5,WORKING,3,4,6688.28
0,6689.75,8,WORKING,0,0,6689.75
0,6689.75,7,WORKING,0,0,6689.75
0,6693.27,4,WORKING,4,4,6693.27
0,6693.27,3,WORKING,4,4,6693.27
0,6693.27,2,WORKING,3,4,6693.27
0,6700.68,1,WORKING,4,4,6700.68
0,6700.68,0,WORKING,3,4,6700.68
0,6713.14,9,STARVED,0,1,6713.14
0,6719.16,11,STARVED,0,0,6719.16
0,6721.51,11,WORKING,0,0,6721.51
0,6721.51,10,WORKING,0,0,6721.51
0,6734.32,5,BLOCKED,4,4,6734.32
0,6735.66,8,STARVED,0,0,6735.66
0,6735.66,9,WORKING,0,0,6735.66
0,6738.77,1,BLOCKED,4,4,6738.77
0,6738.78,4,BLOCKED,4,4,6738.78
0,6740.83,2,BLOCKED,4,4,6740.83
0,6740.98,3,BLOCKED,4,4,6740.98
0,6744.54,7,STARVED,0,0,6744.54
0,6744.54,8,WORKING,0,0,6744.54
0,6751.93,0,BLOCKED,4,4,6751.93
0,6758.85,11,STARVED,0,0,6758.85
0,6758.92,10,STARVED,0,0,6758.92
0,6758.92,11,WORKING,0,0,6758.92
0,6760.67,7,WORKING,0,0,6760.67
0,6760.67,6,WORKING,4,0,6760.67
0,6760.67,5,WORKING,4,4,6760.67
0,6760.67,4,WORKING,4,4,6760.67
0,6760.67,3,WORKING,4,4,6760.67
0,6760.67,2,WORKING,4,4,6760.67
0,6760.67,1,WORKING,4,4,6760.67
0,6760.67,0,WORKING,3,4,6760.67
0,6788.57,9,STARVED,0,0,6788.57
0,6788.57,10,WORKING,0,0,6788.57
0,6789.55,8,STARVED,0,0,6789.55
0,6789.55,9,WORKING,0,0,6789.55
0,6801.81,3,BLOCKED,4,4,6801.81
0,6802.86,2,BLOCKED,4,4,6802.86
0,6805.94,5,BLOCKED,4,4,6805.94
0,6806.68,11,STARVED,0,0,6806.68
0,6808.98,4,BLOCKED,4,4,6808.98
0,6809.24,0,BLOCKED,4,4,6809.24
0,6815.2,7,STARVED,0,0,6815.2
0,6815.2,8,WORKING,0,0,6815.2
0,6815.78,1,BLOCKED,4,4,6815.78
0,6819.65,7,WORKING,0,0,6819.65
0,6819.65,6,WORKING,4,0,6819.65
0,6819.65,5,WORKING,4,4,6819.65
0,6819.65,4,WORKING,4,4,6819.65
0,6819.65,3,WORKING,4,4,6819.65
0,6819.65,2,WORKING,4,4,6819.65
0,6819.65,1,WORKING,4,4,6819.65
0,6819.65,0,WORKING,3,4,6819.65
0,6838.03,10,STARVED,0,0,6838.03
0,6838.03,11,WORKING,0,0,6838.03
0,6843.11,9,STARVED,0,0,6843.11
0,6843.11,10,WORKING,0,0,6843.11
0,6854.32,2,BLOCKED,4,4,6854.32
0,6859.93,4,BLOCKED,4,4,6859.93
0,6867.68,3,BLOCKED,4,4,6867.68
0,6867.73,1,BLOCKED,4,4,6867.73
0,6868.16,8,STARVED,0,0,6868.16
0,6868.16,9,WORKING,0,0,6868.16
0,6871.46,7,STARVED,0,0,6871.46
0,6871.46,8,WORKING,0,0,6871.46
0,6875.27,5,BLOCKED,4,4,6875.27
0,6877.11,0,BLOCKED,4,4,6877.11
0,6877.84,11,STARVED,0,0,6877.84
0,6887.86,7,WORKING,0,0,6887.86
0,6887.86,6,WORKING,4,0,6887.86
0,6887.86,5,WORKING,4,4,6887.86
0,6887.86,4,WORKING,4,4,6887.86
0,6887.86,3,WORKING,4,4,6887.86
0,6887.86,2,WORKING,4,4,6887.86
0,6887.86,1,WORKING,4,4,6887.86
0,6887.86,0,WORKING,3,4,6887.86
0,6898.61,10,STARVED,0,0,6898.61
0,6898.61,11,WORKING,0,0,6898.61
0,6918.16,9,STARVED,0,0,6918.16
0,6918.16,10,WORKING,0,0,6918.16
0,6923.88,2,BLOCKED,4,4,6923.88
0,6926.25,8,STARVED,0,0,6926.25
0,6926.25,9,WORKING,0,0,6926.25
0,6934.43,11,STARVED,0,0,6934.43
0,6935.76,0,BLOCKED,4,4,6935.76
0,6938.0,7,STARVED,0,0,6938.0
0,6938.0,8,WORKING,0,0,6938.0
0,6938.79,3,BLOCKED,4,4,6938.79
0,6941.73,5,BLOCKED,4,4,6941.73
0,6946.31,1,BLOCKED,4,4,6946.31
0,6946.82,7,WORKING,0,0,6946.82
0,6946.82,6,WORKING,4,0,6946.82
0,6946.82,5,WORKING,3,4,6946.82
0,6948.98,4,WORKING,4,4,6948.98
0,6948.98,3,WORKING,4,4,6948.98
0,6948.98,2,WORKING,4,4,6948.98
0,6948.98,1,WORKING,4,4,6948.98
0,6948.98,0,WORKING,3,4,6948.98
0,6968.47,10,STARVED,0,0,6968.47
0,6968.47,11,WORKING,0,0,6968.47
0,6980.38,9,STARVED,0,0,6980.38
0,6980.38,10,WORKING,0,0,6980.38
0,6986.18,8,STARVED,0,0,6986.18
0,6986.18,9,WORKING,0,0,6986.18
0,6993.5,7,STARVED,0,0,6993.5
0,6993.5,8,WORKING,0,0,6993.5
0,6999.84,0,BLOCKED,4,4,6999.84
0,7000.53,3,BLOCKED,4,4,7000.53
0,7001.0,2,BLOCKED,4,4,7001.0
0,7002.22,11,STARVED,0,0,7002.22
0,7003.21,1,BLOCKED,4,4,7003.21
0,7004.09,4,BLOCKED,4,4,7004.09
0,7004.24,5,BLOCKED,4,4,7004.24
0,7033.78,7,WORKING,0,0,7033.78
0,7033.78,6,WORKING,4,0,7033.78
0,7033.78,5,WORKING,4,4,7033.78
0,7033.78,4,WORKING,4,4,7033.78
0,7033.78,3,WORKING,4,4,7033.78
0,7033.78,2,WORKING,4,4,7033.78
0,7033.78,1,WORKING,4,4,7033.78
0,7033.78,0,WORKING,3,4,7033.78
0,7041.29,8,STARVED,0,1,7041.29
0,7041.64,10,STARVED,0,0,7041.64
0,7041.64,11,WORKING,0,0,7041.64
0,7046.29,10,WORKING,0,0,7046.29
0,7046.29,9,WORKING,0,0,7046.29
0,7073.53,4,BLOCKED,4,4,7073.53
0,7075.18,2,BLOCKED,4,4,7075.18
0,7077.38,3,BLOCKED,4,4,7077.38
0,7079.49,0,BLOCKED,4,4,7079.49
0,7086.42,5,BLOCKED,4,4,7086.42
0,7087.6,1,BLOCKED,4,4,7087.6
0,7088.45,11,STARVED,0,0,7088.45
0,7091.68,9,STARVED,0,1,7091.68
0,7091.89,7,STARVED,0,0,7091.89
0,7091.89,8,WORKING,0,0,7091.89
0,7097.46,11,WORKING,0,0,7097.46
0,7097.46,10,WORKING,0,0,7097.46
0,7117.66,7,WORKING,0,0,7117.66
0,7117.66,6,WORKING,4,0,7117.66
0,7117.66,5,WORKING,4,4,7117.66
0,7117.66,4,WORKING,4,4,7117.66
0,7117.66,3,WORKING,4,4,7117.66
0,7117.66,2,WORKING,4,4,7117.66
0,7117.66,1,WORKING,4,4,7117.66
0,7117.66,0,WORKING,3,4,7117.66
0,7138.89,8,STARVED,0,0,7138.89
0,7138.89,9,WORKING,0,0,7138.89
0,7143.89,10,STARVED,0,1,7143.89
0,7151.92,11,WORKING,0,0,7151.92
0,7154.53,5,BLOCKED,4,4,7154.53
0,7166.56,1,BLOCKED,4,4,7166.56
0,7167.53,2,BLOCKED,4,4,7167.53
0,7169.9,7,STARVED,0,0,7169.9
0,7169.9,8,WORKING,0,0,7169.9
0,7170.21,3,BLOCKED,4,4,7170.21
0,7176.52,0,BLOCKED,4,4,7176.52
0,7184.22,9,STARVED,0,0,7184.22
0,7184.22,10,WORKING,0,0,7184.22
0,7189.57,4,BLOCKED,4,4,7189.57
0,7191.61,7,WORKING,0,0,7191.61
0,7191.61,6,WORKING,4,0,7191.61
0,7191.61,5,DOWN,4,4,7191.61
0,7191.61,4,WORKING,4,4,7191.61
0,7191.61,3,WORKING,4,4,7191.61
0,7191.61,2,WORKING,4,4,7191.61
0,7191.61,1,WORKING,4,4,7191.61
0,7191.61,0,WORKING,3,4,7191.61
0,7210.89,5,WORKING,4,4,7210.89
0,7211.92,11,STARVED,0,0,7211.92
0,7219.26,8,STARVED,0,0,7219.26
0,7219.26,9,WORKING,0,0,7219.26
0,7236.38,0,BLOCKED,4,4,7236.38
0,7237.42,10,STARVED,0,0,7237.42
0,7237.42,11,WORKING,0,0,7237.42
0,7241.98,3,BLOCKED,4,4,7241.98
0,7247.25,4,BLOCKED,4,4,7247.25
0,7247.37,7,STARVED,0,0,7247.37
0,7247.37,8,WORKING,0,0,7247.37
0,7249.71,1,BLOCKED,4,4,7249.71
0,7257.48,2,BLOCKED,4,4,7257.48
0,7259.39,5,BLOCKED,4,4,7259.39
0,7259.68,9,STARVED,0,0,7259.68
0,7259.68,10,WORKING,0,0,7259.68
0,7273.87,7,WORKING,0,0,7273.87
0,7273.87,6,WORKING,4,0,7273.87
0,7273.87,5,WORKING,4,4,7273.87
0,7273.87,4,WORKING,4,4,7273.87
0,7273.87,3,WORKING,4,4,7273.87
0,7273.87,2,WORKING,4,4,7273.87
0,7273.87,1,WORKING,4,4,7273.87
0,7273.87,0,WORKING,3,4,7273.87
0,7283.69,11,STARVED,0,0,7283.69
0,7299.86,8,STARVED,0,0,7299.86
0,7299.86,9,WORKING,0,0,7299.86
0,7312.44,10,STARVED,0,0,7312.44
0,7312.44,11,WORKING,0,0,7312.44
0,7325.1,5,BLOCKED,4,4,7325.1
0,7325.39,0,BLOCKED,4,4,7325.39
0,7327.33,7,STARVED,0,0,7327.33
0,7327.33,8,WORKING,0,0,7327.33
0,7330.94,2,BLOCKED,4,4,7330.94
0,7331.27,4,BLOCKED,4,4,7331.27
0,7332.35,3,BLOCKED,4,4,7332.35
0,7336.97,1,BLOCKED,4,4,7336.97
0,7353.23,9,STARVED,0,0,7353.23
0,7353.23,10,WORKING,0,0,7353.23
0,7355.29,11,STARVED,0,0,7355.29
0,7367.33,7,WORKING,0,0,7367.33
0,7367.33,6,WORKING,4,0,7367.33
0,7367.33,5,WORKING,4,4,7367.33
0,7367.33,4,WORKING,4,4,7367.33
0,7367.33,3,WORKING,4,4,7367.33
0,7367.33,2,WORKING,4,4,7367.33
0,7367.33,1,WORKING,4,4,7367.33
0,7367.33,0,WORKING,3,4,7367.33
0,7368.62,8,STARVED,0,0,7368.62
0,7368.62,9,WORKING,0,0,7368.62
0,7404.51,4,BLOCKED,4,4,7404.51
0,7407.41,10,STARVED,0,0,7407.41
0,7407.41,11,WORKING,0,0,7407.41
0,7411.1,3,BLOCKED,4,4,7411.1
0,7416.48,5,BLOCKED,4,4,7416.48
0,7416.81,1,BLOCKED,4,4,7416.81
0,7420.32,9,STARVED,0,0,7420.32
0,7420.32,10,WORKING,0,0,7420.32
0,7420.46,7,STARVED,0,0,7420.46
0,7420.46,8,WORKING,0,0,7420.46
0,7426.41,0,BLOCKED,4,4,7426.41
0,7426.72,2,BLOCKED,4,4,7426.72
0,7444.02,11,STARVED,0,0,7444.02
0,7447.34,7,WORKING,0,0,7447.34
0,7447.34,6,WORKING,4,0,7447.34
0,7447.34,5,WORKING,4,4,7447.34
0,7447.34,4,WORKING,4,4,7447.34
0,7447.34,3,WORKING,4,4,7447.34
0,7447.34,2,WORKING,4,4,7447.34
0,7447.34,1,WORKING,4,4,7447.34
0,7447.34,0,WORKING,3,4,7447.34
0,7462.39,10,STARVED,0,0,7462.39
0,7462.39,11,WORKING,0,0,7462.39
0,7472.85,8,STARVED,0,0,7472.85
0,7472.85,9,WORKING,0,0,7472.85
0,7489.74,0,BLOCKED,4,4,7489.74
0,7493.75,5,BLOCKED,4,4,7493.75
0,7499.8,3,BLOCKED,4,4,7499.8
0,7500.13,7,STARVED,0,0,7500.13
0,7500.13,8,WORKING,0,0,7500.13
0,7504.23,2,BLOCKED,4,4,7504.23
0,7511.0,4,BLOCKED,4,4,7511.0
0,7511.01,1,BLOCKED,4,4,7511.01
0,7513.78,11,STARVED,0,0,7513.78
0,7520.38,9,STARVED,0,0,7520.38
0,7520.38,10,WORKING,0,0,7520.38
0,7523.04,7,WORKING,0,0,7523.04
0,7523.04,6,WORKING,4,0,7523.04
0,7523.04,5,WORKING,4,4,7523.04
0,7523.04,4,WORKING,4,4,7523.04
0,7523.04,3,WORKING,4,4,7523.04
0,7523.04,2,WORKING,4,4,7523.04
0,7523.04,1,WORKING,4,4,7523.04
0,7523.04,0,WORKING,3,4,7523.04
0,7556.94,10,STARVED,0,0,7556.94
0,7556.94,11,WORKING,0,0,7556.94
0,7564.19,0,BLOCKED,4,4,7564.19
0,7567.93,7,STARVED,0,1,7567.93
0,7568.51,3,BLOCKED,4,4,7568.51
0,7571.33,1,BLOCKED,4,4,7571.33
0,7572.58,9,WORKING,0,0,7572.58
0,7572.58,8,WORKING,0,0,7572.58
0,7578.07,4,BLOCKED,4,4,7578.07
0,7581.2,7,WORKING,0,0,7581.2
0,7581.2,6,WORKING,3,0,7581.2
0,7583.75,5,WORKING,4,4,7583.75
0,7583.75,4,WORKING,4,4,7583.75
0,7583.75,3,WORKING,3,4,7583.75
0,7583.75,2,WORKING,4,4,7583.75
0,7583.75,1,WORKING,4,4,7583.75
0,7583.75,0,WORKING,3,4,7583.75
0,7599.28,11,STARVED,0,0,7599.28
0,7613.55,8,STARVED,0,1,7613.55
0,7619.78,7,STARVED,0,0,7619.78
0,7619.78,8,WORKING,0,1,7619.78
0,7620.55,1,BLOCKED,4,4,7620.55
0,7627.63,3,BLOCKED,4,4,7627.63
0,7628.05,0,BLOCKED,4,4,7628.05
0,7629.4,10,WORKING,0,0,7629.4
0,7629.4,9,WORKING,0,0,7629.4
0,7632.16,5,BLOCKED,4,4,7632.16
0,7637.75,2,BLOCKED,4,4,7637.75
0,7653.5,4,BLOCKED,4,4,7653.5
0,7664.03,8,STARVED,0,1,7664.03
0,7665.62,7,WORKING,0,0,7665.62
0,7665.62,6,WORKING,4,0,7665.62
0,7665.62,5,WORKING,4,4,7665.62
0,7665.62,4,WORKING,4,4,7665.62
0,7665.62,3,WORKING,4,4,7665.62
0,7665.62,2,WORKING,4,4,7665.62
0,7665.62,1,WORKING,4,4,7665.62
0,7665.62,0,WORKING,3,4,7665.62
0,7670.92,9,WORKING,0,1,7670.92
0,7683.03,11,WORKING,0,0,7683.03
0,7683.03,10,WORKING,0,0,7683.03
0,7704.44,3,BLOCKED,4,4,7704.44
0,7705.19,4,BLOCKED,4,4,7705.19
0,7707.39,1,BLOCKED,4,4,7707.39
0,7709.86,9,STARVED,0,1,7709.86
0,7712.0,5,BLOCKED,4,4,7712.0
0,7716.44,2,BLOCKED,4,4,7716.44
0,7719.1,0,BLOCKED,4,4,7719.1
0,7721.17,6,WORKING,4,1,7721.17
0,7721.17,5,WORKING,4,4,7721.17
0,7721.17,4,WORKING,4,4,7721.17
0,7721.17,3,WORKING,4,4,7721.17
0,7721.17,2,WORKING,4,4,7721.17
0,7721.17,1,WORKING,4,4,7721.17
0,7721.17,0,WORKING,3,4,7721.17
0,7722.41,8,WORKING,0,0,7722.41
0,7722.41,7,WORKING,0,0,7722.41
0,7731.57,11,STARVED,0,0,7731.57
0,7733.35,11,WORKING,0,0,7733.35
0,7733.35,10,WORKING,0,0,7733.35
0,7760.58,7,STARVED,0,1,7760.58
0,7762.46,9,WORKING,0,0,7762.46
0,7762.46,8,WORKING,0,0,7762.46
0,7765.83,2,BLOCKED,4,4,7765.83
0,7770.28,3,BLOCKED,4,4,7770.28
0,7770.28,0,BLOCKED,4,4,7770.28
0,7772.86,5,BLOCKED,4,4,7772.86
0,7773.77,11,STARVED,0,0,7773.77
0,7774.79,1,BLOCKED,4,4,7774.79
0,7778.97,7,WORKING,0,0,7778.97
0,7778.97,6,WORKING,4,0,7778.97
0,7778.97,5,WORKING,3,4,7778.97
0,7781.13,10,STARVED,0,0,7781.13
0,7781.13,11,WORKING,0,0,7781.13
0,7791.75,4,WORKING,4,4,7791.75
0,7791.75,3,WORKING,4,4,7791.75
0,7791.75,2,WORKING,4,4,7791.75
0,7791.75,1,WORKING,4,4,7791.75
0,7791.75,0,WORKING,3,4,7791.75
0,7811.23,8,STARVED,0,1,7811.23
0,7817.76,10,WORKING,0,0,7817.76
0,7817.76,9,WORKING,0,0,7817.76
0,7822.53,5,BLOCKED,4,4,7822.53
0,7824.55,7,STARVED,0,0,7824.55
0,7824.55,8,WORKING,0,0,7824.55
0,7832.17,11,STARVED,0,0,7832.17
0,7837.76,2,BLOCKED,4,4,7837.76
0,7839.11,3,BLOCKED,4,4,7839.11
0,7844.29,0,BLOCKED,4,4,7844.29
0,7847.73,1,BLOCKED,4,4,7847.73
0,7850.35,4,BLOCKED,4,4,7850.35
0,7857.37,9,STARVED,0,1,7857.37
0,7858.93,7,WORKING,0,0,7858.93
0,7858.93,6,WORKING,4,0,7858.93
0,7858.93,5,WORKING,4,4,7858.93
0,7858.93,4,WORKING,4,4,7858.93
0,7858.93,3,WORKING,4,4,7858.93
0,7858.93,2,WORKING,4,4,7858.93
0,7858.93,1,WORKING,4,4,7858.93
0,7858.93,0,WORKING,3,4,7858.93
0,7870.1,8,STARVED,0,0,7870.1
0,7870.1,9,WORKING,0,1,7870.1
0,7870.38,11,WORKING,0,0,7870.38
0,7870.38,10,WORKING,0,0,7870.38
0,7901.81,4,BLOCKED,4,4,7901.81
0,7901.82,3,BLOCKED,4,4,7901.82
0,7907.02,7,STARVED,0,0,7907.02
0,7907.02,8,WORKING,0,0,7907.02
0,7907.54,1,BLOCKED,4,4,7907.54
0,7909.1,5,BLOCKED,4,4,7909.1
0,7910.59,0,BLOCKED,4,4,7910.59
0,7913.33,11,STARVED,0,0,7913.33
0,7917.28,2,BLOCKED,4,4,7917.28
0,7919.76,7,WORKING,0,0,7919.76
0,7919.76,6,WORKING,4,0,7919.76
0,7919.76,5,WORKING,4,4,7919.76
0,7919.76,4,WORKING,4,4,7919.76
0,7919.76,3,WORKING,4,4,7919.76
0,7919.76,2,WORKING,4,4,7919.76
0,7919.76,1,WORKING,4,4,7919.76
0,7919.76,0,WORKING,3,4,7919.76
0,7925.98,9,STARVED,0,1,7925.98
0,7937.95,11,WORKING,0,0,7937.95
0,7937.95,10,WORKING,0,0,7937.95
0,7958.18,3,BLOCKED,4,4,7958.18
0,7961.7,8,STARVED,0,0,7961.7
0,7961.7,9,WORKING,0,0,7961.7
0,7965.72,7,STARVED,0,0,7965.72
0,7965.72,8,WORKING,0,0,7965.72
0,7969.62,5,BLOCKED,4,4,7969.62
0,7972.59,0,BLOCKED,4,4,7972.59
0,7972.96,4,BLOCKED,4,4,7972.96
0,7973.83,1,BLOCKED,4,4,7973.83
0,7975.57,2,BLOCKED,4,4,7975.57
0,7981.17,11,STARVED,0,0,7981.17
0,7997.13,10,STARVED,0,0,7997.13
0,7997.13,11,WORKING,0,0,7997.13
0,7999.96,8,STARVED,0,1,7999.96
