session_id,unit_id,station,t_global
0,1,4,201.22
0,5,0,220.01
0,2,3,229.17
0,3,2,243.02
0,4,1,243.02
0,1,5,267.87
0,2,4,275.05
0,6,0,280.75
0,3,3,287.23
0,4,2,295.15
0,5,1,295.15
0,1,6,321.52
0,2,5,326.81
0,3,4,329.23
0,7,0,330.73
0,4,3,341.7
0,5,2,342.11
0,6,1,342.11
0,8,0,382.78
0,3,5,384.12
0,6,2,384.56
0,7,1,384.56
0,4,4,387.44
0,5,3,387.44
0,1,7,392.33
0,2,6,392.33
0,8,1,432.76
0,9,0,432.76
0,6,3,435.15
0,7,2,435.15
0,4,5,438.53
0,5,4,438.53
0,1,8,446.15
0,2,7,450.96
0,3,6,450.96
0,10,0,478.13
0,6,4,484.34
0,1,9,487.14
0,9,1,488.68
0,7,3,493.47
0,8,2,493.47
0,5,5,500.43
0,2,8,505.48
0,3,7,520.81
0,4,6,520.81
0,1,10,525.04
0,11,0,538.07
0,6,5,541.59
0,7,4,541.59
0,2,9,545.15
0,8,3,549.53
0,9,2,550.58
0,10,1,550.58
0,3,8,561.54
0,1,11,573.02
0,12,0,588.19
0,7,5,593.49
0,8,4,593.49
0,4,7,593.6
0,5,6,593.6
0,2,10,594.01
0,9,3,596.21
0,10,2,606.26
0,11,1,606.26
0,3,9,606.38
0,4,8,632.16
0,13,0,643.99
0,2,11,644.53
0,10,3,646.37
0,3,10,654.54
0,11,2,655.59
0,12,1,655.59
0,8,5,657.83
0,9,4,657.83
0,5,7,684.97
0,6,6,684.97
0,4,9,688.91
0,14,0,689.94
0,11,3,700.87
0,12,2,708.45
0,13,1,708.45
0,3,11,712.4
0,10,4,714.42
0,9,5,725.06
0,5,8,725.99
0,4,10,729.05
0,15,0,739.19
0,12,3,758.95
0,6,7,764.09
0,7,6,764.09
0,11,4,765.15
0,5,9,766.47
0,13,2,773.71
0,14,1,773.71
0,4,11,781.29
0,10,5,782.66
0,16,0,790.07
0,5,10,810.9
0,6,8,814.11
0,13,3,823.1
0,14,2,829.54
0,15,1,829.54
0,11,5,831.36
0,12,4,831.36
0,7,7,845.12
0,8,6,845.12
0,17,0,847.36
0,6,9,850.48
0,5,11,864.69
0,14,3,872.79
0,12,5,883.47
0,13,4,883.47
0,15,2,885.24
0,16,1,885.24
0,7,8,895.54
0,18,0,903.33
0,6,10,905.09
0,8,7,912.28
0,9,6,912.28
0,14,4,926.89
0,15,3,929.67
0,16,2,945.24
0,17,1,945.24
0,7,9,950.36
0,8,8,952.54
0,19,0,953.46
0,6,11,955.09
0,9,7,975.87
0,10,6,975.87
0,13,5,977.69
0,15,4,978.7
0,7,10,993.05
0,18,1,997.64
0,16,3,998.11
0,17,2,998.11
0,8,9,1004.29
0,20,0,1009.11
0,9,8,1023.14
0,14,5,1032.92
0,16,4,1044.81
0,21,0,1045.35
0,17,3,1054.18
0,10,7,1054.71
0,11,6,1054.71
0,7,11,1058.27
0,8,10,1060.7
0,18,2,1060.84
0,19,1,1060.84
0,9,9,1068.14
0,15,5,1089.75
0,22,0,1092.8
0,17,4,1099.52
0,20,1,1102.34
0,18,3,1105.23
0,19,2,1105.23
0,10,8,1105.9
0,9,10,1112.72
0,8,11,1113.61
0,11,7,1130.16
0,12,6,1130.16
0,16,5,1136.08
0,21,1,1141.96
0,20,2,1146.98
0,23,0,1149.01
0,18,4,1152.68
0,19,3,1152.68
0,10,9,1155.23
0,9,11,1169.46
0,11,8,1175.21
0,17,5,1179.61
0,20,3,1193.27
0,12,7,1194.0
0,13,6,1194.0
0,21,2,1195.97
0,22,1,1195.97
0,24,0,1196.23
0,10,10,1200.59
0,19,4,1217.56
0,18,5,1222.88
0,11,9,1224.53
0,25,0,1243.97
0,22,2,1249.61
0,23,1,1249.61
0,21,3,1253.63
0,14,6,1254.44
0,12,8,1254.48
0,13,7,1254.48
0,10,11,1255.47
0,11,10,1273.77
0,19,5,1283.33
0,20,4,1283.33
0,26,0,1294.13
0,22,3,1304.8
0,12,9,1309.11
0,13,8,1309.11
0,23,2,1309.89
0,24,1,1309.89
0,11,11,1339.4
0,27,0,1340.12
0,21,4,1340.17
0,14,7,1350.61
0,15,6,1350.61
0,20,5,1350.61
0,23,3,1361.18
0,24,2,1363.99
0,25,1,1363.99
0,12,10,1364.75
0,13,9,1364.75
0,16,6,1394.35
0,28,0,1400.84
0,21,5,1401.9
0,22,4,1401.9
0,14,8,1407.68
0,15,7,1407.68
0,24,3,1422.48
0,25,2,1425.74
0,26,1,1425.74
0,12,11,1427.4
0,13,10,1427.4
0,23,4,1453.1
0,29,0,1453.24
0,14,9,1454.62
0,15,8,1456.33
0,16,7,1473.05
0,17,6,1473.05
0,22,5,1473.05
0,25,3,1477.64
0,26,2,1481.93
0,27,1,1481.93
0,13,11,1489.08
0,30,0,1500.0
0,24,4,1514.17
0,14,10,1514.77
0,15,9,1514.77
0,16,8,1520.46
0,28,1,1532.48
0,26,3,1536.35
0,27,2,1536.35
0,17,7,1557.06
0,18,6,1557.06
0,23,5,1557.06
0,31,0,1559.97
0,29,1,1571.77
0,25,4,1575.22
0,16,9,1575.33
0,14,11,1579.19
0,15,10,1579.19
0,27,3,1582.52
0,28,2,1582.52
0,17,8,1599.93
0,32,0,1611.55
0,30,1,1612.99
0,26,4,1622.25
0,18,7,1624.06
0,19,6,1624.06
0,24,5,1624.06
0,16,10,1630.09
0,15,11,1635.66
0,28,3,1639.0
0,29,2,1639.0
0,31,1,1651.15
0,17,9,1654.07
0,33,0,1663.42
0,18,8,1669.99
0,27,4,1674.17
0,17,10,1687.74
0,16,11,1692.05
0,29,3,1692.62
0,30,2,1692.62
0,28,4,1699.61
0,19,7,1699.75
0,20,6,1699.75
0,25,5,1699.75
0,32,1,1712.13
0,34,0,1716.95
0,18,9,1721.13
0,17,11,1733.84
0,29,4,1739.19
0,30,3,1747.18
0,31,2,1747.18
0,33,1,1753.33
0,19,8,1756.97
0,35,0,1763.9
0,20,7,1765.99
0,21,6,1765.99
0,26,5,1765.99
0,18,10,1774.8
0,32,2,1789.09
0,30,4,1793.57
0,31,3,1793.57
0,36,0,1802.9
0,34,1,1804.16
0,19,9,1811.48
0,20,8,1811.48
0,18,11,1827.34
0,33,2,1828.04
0,31,4,1841.01
0,32,3,1841.01
0,21,7,1841.98
0,22,6,1841.98
0,27,5,1841.98
0,37,0,1850.84
0,35,1,1855.45
0,19,10,1866.13
0,20,9,1876.86
0,21,8,1887.85
0,34,2,1888.08
0,33,3,1888.91
0,32,4,1891.05
0,38,0,1899.96
0,36,1,1901.0
0,22,7,1912.69
0,23,6,1912.69
0,28,5,1912.69
0,19,11,1922.7
0,20,10,1922.7
0,35,2,1926.5
0,21,9,1936.02
0,39,0,1949.15
0,33,4,1951.92
0,34,3,1951.92
0,37,1,1961.1
0,22,8,1963.87
0,20,11,1967.96
0,36,2,1973.01
0,35,3,1992.43
0,21,10,2000.65
0,23,7,2000.73
0,24,6,2000.73
0,29,5,2000.73
0,37,2,2008.38
0,38,1,2008.38
0,34,4,2010.51
0,40,0,2015.63
0,22,9,2022.2
0,23,8,2042.31
0,36,3,2046.7
0,21,11,2057.76
0,38,2,2061.71
0,39,1,2061.71
0,41,0,2065.78
0,22,10,2075.11
0,24,7,2090.46
0,25,6,2090.46
0,30,5,2090.46
0,35,4,2090.46
0,37,3,2090.95
0,23,9,2106.83
0,39,2,2109.73
0,40,1,2109.73
0,42,0,2115.84
0,22,11,2124.96
0,38,3,2131.94
0,24,8,2143.4
0,23,10,2166.13
0,25,7,2166.85
0,26,6,2166.85
0,31,5,2166.85
0,36,4,2166.85
0,43,0,2168.93
0,40,2,2172.43
0,41,1,2172.43
0,39,3,2174.3
0,24,9,2177.86
0,23,11,2215.3
0,44,0,2216.27
0,25,8,2218.61
0,42,1,2228.01
0,40,3,2228.54
0,41,2,2228.54
0,26,7,2235.26
0,27,6,2235.26
0,32,5,2235.26
0,37,4,2235.26
0,24,10,2240.12
0,45,0,2267.96
0,25,9,2269.27
0,41,3,2277.54
0,42,2,2281.21
0,43,1,2281.21
0,26,8,2286.03
0,24,11,2297.47
0,27,7,2314.85
0,28,6,2314.85
0,33,5,2314.85
0,38,4,2314.85
0,46,0,2317.58
0,25,10,2322.94
0,42,3,2324.79
0,43,2,2330.28
0,44,1,2330.28
0,26,9,2350.98
0,27,8,2353.96
0,47,0,2365.98
0,43,3,2367.18
0,25,11,2369.94
0,28,7,2371.85
0,29,6,2371.85
0,34,5,2371.85
0,39,4,2371.85
0,44,2,2394.7
0,45,1,2394.7
0,26,10,2410.11
0,27,9,2410.11
0,28,8,2417.8
0,48,0,2419.15
0,44,3,2432.85
0,29,7,2444.38
0,30,6,2444.38
0,35,5,2444.38
0,40,4,2444.38
0,45,2,2445.99
0,46,1,2445.99
0,26,11,2451.95
0,27,10,2466.9
0,28,9,2466.9
0,49,0,2488.45
0,29,8,2495.38
0,47,1,2502.96
0,45,3,2505.88
0,46,2,2505.88
0,30,7,2515.96
0,31,6,2515.96
0,36,5,2515.96
0,27,11,2517.25
0,41,4,2523.29
0,28,10,2526.54
0,50,0,2540.58
0,29,9,2542.92
0,48,1,2551.31
0,46,3,2557.86
0,47,2,2557.86
0,30,8,2573.91
0,51,0,2583.3
0,28,11,2589.48
0,29,10,2592.72
0,31,7,2594.05
0,32,6,2594.05
0,37,5,2594.05
0,42,4,2598.04
0,48,2,2605.2
0,49,1,2605.2
0,47,3,2608.79
0,52,0,2632.6
0,30,9,2634.56
0,33,6,2637.2
0,29,11,2647.7
0,31,8,2648.93
0,32,7,2648.93
0,38,5,2658.49
0,49,2,2664.76
0,50,1,2664.76
0,43,4,2667.16
0,48,3,2667.16
0,53,0,2677.7
0,30,10,2696.17
0,31,9,2700.55
0,32,8,2701.94
0,33,7,2724.55
0,34,6,2724.55
0,39,5,2724.55
0,50,2,2725.35
0,51,1,2725.35
0,54,0,2728.76
0,44,4,2734.89
0,49,3,2734.89
0,30,11,2740.2
0,31,10,2756.4
0,32,9,2756.4
0,33,8,2765.3
0,34,7,2770.52
0,35,6,2770.52
0,51,2,2774.87
0,52,1,2774.87
0,40,5,2785.5
0,55,0,2786.89
0,45,4,2789.49
0,50,3,2789.49
0,31,11,2810.05
0,32,10,2810.05
0,33,9,2813.02
0,34,8,2814.76
0,56,0,2833.25
0,35,7,2840.07
0,36,6,2840.07
0,41,5,2840.07
0,46,4,2840.07
0,52,2,2840.23
0,53,1,2840.23
0,51,3,2841.76
0,34,9,2866.99
0,32,11,2869.95
0,33,10,2869.95
0,57,0,2886.95
0,54,1,2889.53
0,35,8,2895.28
0,53,2,2895.82
0,36,7,2913.19
0,37,6,2913.19
0,42,5,2913.19
0,47,4,2913.19
0,52,3,2913.19
0,34,10,2919.42
0,33,11,2922.22
0,58,0,2940.24
0,55,1,2943.38
0,54,2,2943.87
0,35,9,2948.01
0,36,8,2956.37
0,34,11,2976.33
0,35,10,2986.53
0,56,1,2990.16
0,59,0,2990.41
0,37,7,2993.11
0,38,6,2993.11
0,43,5,2993.11
0,48,4,2993.11
0,53,3,2993.11
0,36,9,2995.44
0,55,2,2996.79
0,35,11,3028.35
0,37,8,3039.64
0,57,1,3039.69
0,36,10,3043.15
0,60,0,3045.08
0,56,2,3049.76
0,38,7,3056.21
0,39,6,3056.21
0,44,5,3056.21
0,49,4,3057.15
0,54,3,3057.15
0,58,1,3091.76
0,37,9,3092.0
0,61,0,3097.7
0,38,8,3100.47
0,57,2,3104.09
0,36,11,3106.76
0,39,7,3111.47
0,40,6,3111.47
0,45,5,3111.84
0,50,4,3115.44
0,55,3,3115.44
0,37,10,3144.99
0,38,9,3144.99
0,59,1,3145.15
0,58,2,3151.72
0,62,0,3151.75
0,39,8,3155.05
0,40,7,3196.62
0,41,6,3196.62
0,46,5,3196.62
0,51,4,3196.62
0,56,3,3196.62
0,37,11,3199.24
0,38,10,3199.24
0,60,1,3201.44
0,39,9,3201.63
0,59,2,3202.27
0,63,0,3215.33
0,40,8,3246.24
0,60,2,3256.28
0,61,1,3256.28
0,38,11,3257.42
0,64,0,3257.42
0,39,10,3266.12
0,40,9,3289.7
0,41,7,3294.66
0,42,6,3294.66
0,47,5,3294.66
0,52,4,3294.66
0,57,3,3294.66
0,65,0,3303.06
0,61,2,3311.68
0,62,1,3311.68
0,39,11,3329.13
0,41,8,3335.31
0,40,10,3342.16
0,66,0,3360.08
0,62,2,3366.16
0,63,1,3366.16
0,41,9,3373.56
0,42,7,3374.28
0,43,6,3374.28
0,48,5,3374.28
0,53,4,3374.28
0,58,3,3374.28
0,40,11,3392.37
0,67,0,3409.02
0,63,2,3422.86
0,64,1,3422.86
0,41,10,3425.53
0,42,8,3433.64
0,43,7,3435.85
0,44,6,3435.85
0,49,5,3435.85
0,54,4,3435.85
0,59,3,3435.85
0,68,0,3458.9
0,64,2,3477.66
0,65,1,3477.66
0,41,11,3485.09
0,42,9,3486.27
0,43,8,3486.27
0,44,7,3511.97
0,45,6,3511.97
0,50,5,3511.97
0,55,4,3511.97
0,60,3,3511.97
0,69,0,3512.28
0,65,2,3524.11
0,66,1,3524.11
0,42,10,3539.5
0,43,9,3539.5
0,70,0,3556.35
0,44,8,3557.24
0,67,1,3558.74
0,42,11,3586.73
0,43,10,3586.73
0,45,7,3592.9
0,46,6,3592.9
0,51,5,3592.9
0,56,4,3592.9
0,61,3,3592.9
0,66,2,3592.9
0,44,9,3595.87
0,68,1,3601.25
0,71,0,3607.03
0,47,6,3624.47
0,43,11,3638.27
0,52,5,3643.12
0,44,10,3645.44
0,57,4,3647.03
0,62,3,3647.03
0,67,2,3647.03
0,45,8,3649.16
0,46,7,3649.16
0,72,0,3653.84
0,69,1,3658.92
0,48,6,3685.28
0,53,5,3690.78
0,44,11,3691.76
0,70,1,3702.2
0,58,4,3704.7
0,63,3,3704.7
0,68,2,3704.7
0,47,7,3707.03
0,73,0,3709.93
0,45,9,3710.07
0,46,8,3710.07
0,71,1,3755.88
0,48,7,3756.45
0,49,6,3756.45
0,54,5,3756.45
0,59,4,3756.45
0,64,3,3756.45
0,69,2,3756.45
0,47,8,3759.6
0,74,0,3760.0
0,45,10,3760.27
0,46,9,3760.27
0,72,1,3806.4
0,48,8,3810.76
0,47,9,3811.29
0,45,11,3816.37
0,46,10,3816.37
0,75,0,3820.46
0,49,7,3842.42
0,50,6,3842.42
0,55,5,3842.42
0,60,4,3842.42
0,65,3,3842.42
0,70,2,3842.42
0,73,1,3855.74
0,48,9,3863.07
0,46,11,3864.85
0,47,10,3864.85
0,76,0,3870.55
0,49,8,3875.71
0,74,1,3898.93
0,50,7,3906.97
0,51,6,3906.97
0,56,5,3906.97
0,47,11,3918.07
0,48,10,3918.07
0,61,4,3918.35
0,66,3,3918.35
0,71,2,3918.35
0,49,9,3926.64
0,77,0,3929.04
0,75,1,3949.78
0,50,8,3955.4
0,48,11,3963.82
0,51,7,3966.01
0,52,6,3966.01
0,57,5,3966.01
0,62,4,3966.01
0,67,3,3967.19
0,72,2,3967.19
0,78,0,3979.21
0,49,10,3986.49
0,50,9,3995.5
0,76,1,3998.26
0,51,8,4012.54
0,79,0,4034.37
0,52,7,4036.54
0,53,6,4036.54
0,58,5,4036.54
0,63,4,4036.54
0,68,3,4036.54
0,73,2,4036.54
0,49,11,4038.99
0,50,10,4047.76
0,77,1,4057.5
0,51,9,4063.7
0,52,8,4077.16
0,80,0,4082.3
0,50,11,4089.82
0,53,7,4091.21
0,54,6,4091.21
0,59,5,4091.21
0,64,4,4095.97
0,69,3,4095.97
0,74,2,4095.97
0,51,10,4104.57
0,78,1,4107.72
0,52,9,4133.77
0,53,8,4134.96
0,81,0,4144.01
0,79,1,4145.78
0,51,11,4154.67
0,54,7,4166.71
0,55,6,4166.71
0,60,5,4166.71
0,65,4,4166.71
0,70,3,4166.71
0,75,2,4166.71
0,82,0,4189.69
0,52,10,4199.14
0,53,9,4199.14
0,80,1,4202.57
0,54,8,4219.06
0,55,7,4237.53
0,56,6,4237.53
0,61,5,4237.53
0,66,4,4237.53
0,71,3,4237.53
0,76,2,4237.53
0,83,0,4244.95
0,52,11,4247.95
0,53,10,4248.86
0,81,1,4262.05
0,54,9,4269.98
0,55,8,4291.57
0,84,0,4294.48
0,56,7,4296.19
0,57,6,4296.19
0,62,5,4296.19
0,67,4,4296.19
0,72,3,4296.19
0,77,2,4296.19
0,53,11,4299.87
0,82,1,4319.86
0,54,10,4320.82
0,85,0,4340.68
0,55,9,4344.48
0,56,8,4347.35
0,54,11,4379.1
0,86,0,4380.89
0,57,7,4382.88
0,58,6,4382.88
0,63,5,4382.88
0,68,4,4382.88
0,73,3,4382.88
0,78,2,4382.88
0,83,1,4382.88
0,55,10,4391.29
0,56,9,4395.84
0,57,8,4419.72
0,87,0,4429.89
0,55,11,4451.35
0,56,10,4451.35
0,58,7,4466.4
0,59,6,4466.4
0,64,5,4466.4
0,69,4,4466.4
0,74,3,4466.4
0,79,2,4466.4
0,84,1,4466.4
0,57,9,4466.61
0,88,0,4481.52
0,56,11,4509.87
0,57,10,4509.87
0,58,8,4520.55
0,89,0,4541.8
0,59,7,4546.23
0,60,6,4546.23
0,65,5,4546.23
0,70,4,4546.23
0,75,3,4546.23
0,80,2,4546.23
0,85,1,4546.23
0,58,9,4563.28
0,57,11,4570.11
0,59,8,4596.23
0,90,0,4602.79
0,60,7,4605.96
0,61,6,4605.96
0,66,5,4605.96
0,71,4,4605.96
0,76,3,4605.96
0,81,2,4605.96
0,86,1,4605.96
0,58,10,4615.19
0,59,9,4636.43
0,91,0,4644.39
0,60,8,4651.7
0,61,7,4679.52
0,62,6,4679.52
0,67,5,4679.52
0,72,4,4679.52
0,77,3,4679.52
0,82,2,4679.52
0,87,1,4679.52
0,58,11,4679.73
0,59,10,4686.0
0,92,0,4699.19
0,60,9,4711.31
0,61,8,4729.89
0,59,11,4735.39
0,62,7,4743.02
0,63,6,4743.02
0,68,5,4743.02
0,73,4,4743.02
0,78,3,4743.02
0,83,2,4743.02
0,88,1,4743.02
0,60,10,4751.6
0,93,0,4754.47
0,61,9,4780.6
0,62,8,4782.5
0,60,11,4819.95
0,61,10,4835.88
0,63,7,4838.02
0,64,6,4838.02
0,69,5,4838.02
0,74,4,4838.02
0,79,3,4838.02
0,84,2,4838.02
0,89,1,4838.02
0,94,0,4838.02
0,62,9,4842.62
0,63,8,4879.64
0,61,11,4886.08
0,62,10,4913.98
0,64,7,4920.09
0,65,6,4920.09
0,70,5,4920.09
0,75,4,4920.09
0,80,3,4920.09
0,85,2,4920.09
0,90,1,4920.09
0,95,0,4920.09
0,63,9,4931.96
0,62,11,4960.85
0,64,8,4973.58
0,63,10,4984.61
0,65,7,5003.32
0,66,6,5003.32
0,71,5,5003.32
0,76,4,5003.32
0,81,3,5003.32
0,86,2,5003.32
0,91,1,5003.32
0,96,0,5003.32
0,64,9,5017.01
0,63,11,5035.79
0,67,6,5047.56
0,65,8,5055.69
0,66,7,5055.69
0,64,10,5057.92
0,72,5,5067.99
0,77,4,5067.99
0,82,3,5067.99
0,87,2,5067.99
0,92,1,5067.99
0,97,0,5067.99
0,65,9,5114.41
0,66,8,5114.41
0,64,11,5120.07
0,67,7,5129.71
0,68,6,5129.71
0,73,5,5129.71
0,78,4,5129.71
0,83,3,5129.71
0,88,2,5129.71
0,93,1,5129.71
0,98,0,5129.71
0,65,10,5164.35
0,66,9,5164.35
0,67,8,5183.47
0,68,7,5216.1
0,69,6,5216.1
0,74,5,5216.1
0,79,4,5216.1
0,84,3,5216.1
0,89,2,5216.1
0,94,1,5216.1
0,99,0,5216.1
0,65,11,5216.45
0,66,10,5216.45
0,67,9,5238.97
0,68,8,5257.82
0,66,11,5289.05
0,69,7,5290.88
0,70,6,5290.88
0,75,5,5290.88
0,80,4,5290.88
0,85,3,5290.88
0,90,2,5290.88
0,95,1,5290.88
0,100,0,5290.88
0,67,10,5307.3
0,68,9,5307.3
0,69,8,5338.44
0,67,11,5368.28
0,68,10,5368.28
0,70,7,5378.0
0,71,6,5378.0
0,76,5,5378.0
0,81,4,5378.0
0,86,3,5378.0
0,91,2,5378.0
0,96,1,5378.0
0,101,0,5378.0
0,69,9,5389.37
0,70,8,5424.4
0,68,11,5426.72
0,69,10,5429.57
0,71,7,5439.04
0,72,6,5439.04
0,77,5,5439.04
0,82,4,5439.04
0,87,3,5439.04
0,92,2,5439.04
0,97,1,5446.22
0,102,0,5446.22
0,70,9,5476.32
0,71,8,5476.32
0,69,11,5483.78
0,72,7,5517.96
0,73,6,5517.96
0,78,5,5517.96
0,83,4,5517.96
0,88,3,5517.96
0,93,2,5517.96
0,98,1,5517.96
0,103,0,5517.96
0,70,10,5536.55
0,71,9,5536.55
0,72,8,5565.65
0,70,11,5577.37
0,71,10,5577.37
0,73,7,5594.87
0,74,6,5594.87
0,79,5,5594.87
0,84,4,5594.87
0,89,3,5594.87
0,94,2,5594.87
0,99,1,5594.87
0,104,0,5594.87
0,72,9,5616.87
0,73,8,5636.11
0,71,11,5638.24
0,72,10,5662.02
0,74,7,5664.78
0,75,6,5664.78
0,80,5,5664.78
0,85,4,5664.78
0,90,3,5664.78
0,95,2,5664.78
0,100,1,5664.78
0,105,0,5664.78
0,73,9,5686.28
0,74,8,5711.95
0,72,11,5723.8
0,73,10,5727.8
0,75,7,5735.55
0,76,6,5735.55
0,81,5,5735.55
0,86,4,5735.55
0,91,3,5735.55
0,96,2,5735.55
0,101,1,5735.55
0,106,0,5735.55
0,74,9,5764.49
0,75,8,5777.32
0,73,11,5794.06
0,76,7,5807.45
0,77,6,5807.45
0,82,5,5807.45
0,87,4,5807.45
0,92,3,5807.45
0,97,2,5807.45
0,102,1,5807.45
0,107,0,5807.45
0,74,10,5818.15
0,75,9,5820.16
0,76,8,5862.63
0,74,11,5878.39
0,75,10,5878.39
0,77,7,5882.32
0,78,6,5882.32
0,83,5,5882.32
0,88,4,5882.32
0,93,3,5882.32
0,98,2,5882.32
0,103,1,5882.32
0,108,0,5882.32
0,76,9,5918.3
0,77,8,5929.67
0,75,11,5935.69
0,78,7,5952.39
0,79,6,5952.39
0,84,5,5952.39
0,89,4,5952.39
0,94,3,5952.39
0,99,2,5952.39
0,104,1,5952.39
0,109,0,5952.39
0,76,10,5955.29
0,77,9,5977.22
0,78,8,5990.05
0,76,11,5999.57
0,77,10,6029.33
0,78,9,6035.3
0,79,7,6044.7
0,80,6,6044.7
0,85,5,6044.7
0,90,4,6044.7
0,95,3,6044.7
0,100,2,6044.7
0,105,1,6044.7
0,110,0,6044.7
0,77,11,6080.42
0,78,10,6081.3
0,79,8,6083.65
0,80,7,6103.43
0,81,6,6103.43
0,86,5,6103.43
0,91,4,6105.59
0,96,3,6105.59
0,101,2,6105.59
0,106,1,6105.59
0,111,0,6105.59
0,78,11,6123.37
0,79,9,6135.71
0,80,8,6154.79
0,81,7,6175.49
0,82,6,6175.49
0,87,5,6175.49
0,92,4,6179.87
0,97,3,6179.87
0,102,2,6179.87
0,107,1,6179.87
0,112,0,6179.87
0,79,10,6188.69
0,80,9,6197.98
0,81,8,6235.18
0,79,11,6244.27
0,80,10,6245.26
0,82,7,6245.32
0,83,6,6245.32
0,88,5,6245.32
0,93,4,6250.3
0,98,3,6250.3
0,103,2,6250.3
0,108,1,6250.3
0,113,0,6250.3
0,81,9,6293.98
0,82,8,6295.86
0,80,11,6302.82
0,83,7,6317.14
0,84,6,6317.14
0,89,5,6317.14
0,94,4,6321.21
0,99,3,6321.21
0,104,2,6321.21
0,109,1,6321.21
0,114,0,6321.21
0,81,10,6342.0
0,82,9,6343.48
0,83,8,6359.37
0,84,7,6384.82
0,85,6,6384.82
0,90,5,6384.82
0,95,4,6384.82
0,100,3,6384.82
0,105,2,6384.82
0,110,1,6384.82
0,115,0,6384.82
0,81,11,6398.75
0,82,10,6398.75
0,83,9,6425.4
0,84,8,6439.09
0,85,7,6446.3
0,86,6,6446.3
0,91,5,6447.67
0,96,4,6447.67
0,101,3,6447.67
0,106,2,6447.67
0,111,1,6447.67
0,116,0,6447.67
0,82,11,6451.06
0,83,10,6485.47
0,84,9,6485.47
0,85,8,6494.28
0,86,7,6507.71
0,87,6,6507.71
0,92,5,6507.71
0,97,4,6507.71
0,102,3,6507.71
0,107,2,6507.71
0,112,1,6507.71
0,117,0,6507.71
0,85,9,6535.6
0,83,11,6545.97
0,84,10,6545.97
0,86,8,6558.32
0,87,7,6566.45
0,88,6,6566.45
0,93,5,6566.45
0,98,4,6566.45
0,103,3,6566.45
0,108,2,6566.45
0,113,1,6566.45
0,118,0,6569.71
0,84,11,6607.17
0,85,10,6607.17
0,86,9,6610.42
0,87,8,6613.66
0,88,7,6636.69
0,89,6,6636.69
0,94,5,6636.69
0,99,4,6636.69
0,104,3,6636.69
0,109,2,6636.69
0,114,1,6636.69
0,119,0,6636.69
0,87,9,6667.1
0,85,11,6669.73
0,86,10,6669.73
0,90,6,6687.04
0,95,5,6688.28
0,88,8,6689.75
0,89,7,6689.75
0,100,4,6693.27
0,105,3,6693.27
0,110,2,6693.27
0,115,1,6700.68
0,120,0,6700.68
0,86,11,6721.51
0,87,10,6721.51
0,88,9,6735.66
0,89,8,6744.54
0,87,11,6758.92
0,90,7,6760.67
0,91,6,6760.67
0,96,5,6760.67
0,101,4,6760.67
0,106,3,6760.67
0,111,2,6760.67
0,116,1,6760.67
0,121,0,6760.67
0,88,10,6788.57
0,89,9,6789.55
0,90,8,6815.2
0,91,7,6819.65
0,92,6,6819.65
0,97,5,6819.65
0,102,4,6819.65
0,107,3,6819.65
0,112,2,6819.65
0,117,1,6819.65
0,122,0,6819.65
0,88,11,6838.03
0,89,10,6843.11
0,90,9,6868.16
0,91,8,6871.46
0,92,7,6887.86
0,93,6,6887.86
0,98,5,6887.86
0,103,4,6887.86
0,108,3,6887.86
0,113,2,6887.86
0,118,1,6887.86
0,123,0,6887.86
0,89,11,6898.61
0,90,10,6918.16
0,91,9,6926.25
0,92,8,6938.0
0,93,7,6946.82
0,94,6,6946.82
0,99,5,6946.82
0,104,4,6948.98
0,109,3,6948.98
0,114,2,6948.98
0,119,1,6948.98
0,124,0,6948.98
0,90,11,6968.47
0,91,10,6980.38
0,92,9,6986.18
0,93,8,6993.5
0,94,7,7033.78
0,95,6,7033.78
0,100,5,7033.78
0,105,4,7033.78
0,110,3,7033.78
0,115,2,7033.78
0,120,1,7033.78
0,125,0,7033.78
0,91,11,7041.64
0,92,10,7046.29
0,93,9,7046.29
0,94,8,7091.89
0,92,11,7097.46
0,93,10,7097.46
0,95,7,7117.66
0,96,6,7117.66
0,101,5,7117.66
0,106,4,7117.66
0,111,3,7117.66
0,116,2,7117.66
0,121,1,7117.66
0,126,0,7117.66
0,94,9,7138.89
0,93,11,7151.92
0,95,8,7169.9
0,94,10,7184.22
0,96,7,7191.61
0,97,6,7191.61
0,107,4,7191.61
0,112,3,7191.61
0,117,2,7191.61
0,122,1,7191.61
0,127,0,7191.61
0,102,5,7210.89
0,95,9,7219.26
0,94,11,7237.42
0,96,8,7247.37
0,95,10,7259.68
0,97,7,7273.87
0,98,6,7273.87
0,103,5,7273.87
0,108,4,7273.87
0,113,3,7273.87
0,118,2,7273.87
0,123,1,7273.87
0,128,0,7273.87
0,96,9,7299.86
0,95,11,7312.44
0,97,8,7327.33
0,96,10,7353.23
0,98,7,7367.33
0,99,6,7367.33
0,104,5,7367.33
0,109,4,7367.33
0,114,3,7367.33
0,119,2,7367.33
0,124,1,7367.33
0,129,0,7367.33
0,97,9,7368.62
0,96,11,7407.41
0,97,10,7420.32
0,98,8,7420.46
0,99,7,7447.34
0,100,6,7447.34
0,105,5,7447.34
0,110,4,7447.34
0,115,3,7447.34
0,120,2,7447.34
0,125,1,7447.34
0,130,0,7447.34
0,97,11,7462.39
0,98,9,7472.85
0,99,8,7500.13
0,98,10,7520.38
0,100,7,7523.04
0,101,6,7523.04
0,106,5,7523.04
0,111,4,7523.04
0,116,3,7523.04
0,121,2,7523.04
0,126,1,7523.04
0,131,0,7523.04
0,98,11,7556.94
0,99,9,7572.58
0,100,8,7572.58
0,101,7,7581.2
0,102,6,7581.2
0,107,5,7583.75
0,112,4,7583.75
0,117,3,7583.75
0,122,2,7583.75
0,127,1,7583.75
0,132,0,7583.75
0,101,8,7619.78
0,99,10,7629.4
0,100,9,7629.4
0,102,7,7665.62
0,103,6,7665.62
0,108,5,7665.62
0,113,4,7665.62
0,118,3,7665.62
0,123,2,7665.62
0,128,1,7665.62
0,133,0,7665.62
0,101,9,7670.92
0,99,11,7683.03
0,100,10,7683.03
0,104,6,7721.17
0,109,5,7721.17
0,114,4,7721.17
0,119,3,7721.17
0,124,2,7721.17
0,129,1,7721.17
0,134,0,7721.17
0,102,8,7722.41
0,103,7,7722.41
0,100,11,7733.35
0,101,10,7733.35
0,102,9,7762.46
0,103,8,7762.46
0,104,7,7778.97
0,105,6,7778.97
0,110,5,7778.97
0,101,11,7781.13
0,115,4,7791.75
0,120,3,7791.75
0,125,2,7791.75
0,130,1,7791.75
0,135,0,7791.75
0,102,10,7817.76
0,103,9,7817.76
0,104,8,7824.55
0,105,7,7858.93
0,106,6,7858.93
0,111,5,7858.93
0,116,4,7858.93
0,121,3,7858.93
0,126,2,7858.93
0,131,1,7858.93
0,136,0,7858.93
0,104,9,7870.1
0,102,11,7870.38
0,103,10,7870.38
0,105,8,7907.02
0,106,7,7919.76
0,107,6,7919.76
0,112,5,7919.76
0,117,4,7919.76
0,122,3,7919.76
0,127,2,7919.76
0,132,1,7919.76
0,137,0,7919.76
0,103,11,7937.95
0,104,10,7937.95
0,105,9,7961.7
0,106,8,7965.72
0,104,11,7997.13
